"Symbol: CLY00",,,,,,,"Study: VOL (LikeMain)",
"Date Time","Symbol","Open","High","Low","Close","Change","Volume","Open Interest"
1971-02-01,CLY00,3.56,3.56,3.56,3.56,0,,
1971-03-01,CLY00,3.56,3.56,3.56,3.56,0,,
1971-04-01,CLY00,3.56,3.56,3.56,3.56,0,,
1971-05-01,CLY00,3.56,3.92,3.56,3.92,0.3599999999999999,,
1971-06-01,CLY00,3.56,3.56,3.56,3.56,-0.3599999999999999,,
1971-07-01,CLY00,3.56,3.56,3.56,3.56,0,,
1971-08-01,CLY00,3.56,3.56,3.56,3.56,0,,
1971-09-01,CLY00,3.56,3.56,3.56,3.56,0,,
1971-10-01,CLY00,3.56,3.56,3.56,3.56,0,,
1971-11-01,CLY00,3.56,3.56,3.56,3.56,0,,
1971-12-01,CLY00,3.56,3.56,3.56,3.56,0,,
1972-01-01,CLY00,3.56,3.56,3.56,3.56,0,,
1972-02-01,CLY00,3.56,3.56,3.56,3.56,0,,
1972-03-01,CLY00,3.56,3.56,3.45,3.45,-0.10999999999999988,,
1972-04-01,CLY00,3.56,3.56,3.56,3.56,0.10999999999999988,,
1972-05-01,CLY00,3.56,3.56,3.56,3.56,0,,
1972-06-01,CLY00,3.56,3.56,3.56,3.56,0,,
1972-07-01,CLY00,3.56,3.56,3.56,3.56,0,,
1972-08-01,CLY00,3.56,3.56,3.56,3.56,0,,
1972-09-01,CLY00,3.56,3.56,3.56,3.56,0,,
1972-10-01,CLY00,3.56,3.56,3.56,3.56,0,,
1972-11-01,CLY00,3.56,3.56,3.56,3.56,0,,
1972-12-01,CLY00,3.56,3.56,3.56,3.56,0,,
1973-01-01,CLY00,3.56,3.56,3.56,3.56,0,,
1973-02-01,CLY00,3.56,3.56,3.56,3.56,0,,
1973-03-01,CLY00,3.56,3.56,3.56,3.56,0,,
1973-04-01,CLY00,3.56,3.56,3.56,3.56,0,,
1973-05-01,CLY00,3.56,3.56,3.56,3.56,0,,
1973-06-01,CLY00,3.56,3.56,3.56,3.56,0,,
1973-07-01,CLY00,3.56,3.56,3.56,3.56,0,,
1973-08-01,CLY00,4.31,4.31,4.31,4.31,0.7499999999999996,,
1973-09-01,CLY00,4.31,4.31,4.31,4.31,0,,
1973-10-01,CLY00,4.31,4.31,4.31,4.31,0,,
1973-11-01,CLY00,4.31,4.31,4.31,4.31,0,,
1973-12-01,CLY00,4.31,4.31,4.31,4.31,0,,
1974-01-01,CLY00,10.11,10.11,10.11,10.11,5.8,,
1974-02-01,CLY00,10.11,10.11,10.11,10.11,0,,
1974-03-01,CLY00,10.11,10.11,10.11,10.11,0,,
1974-04-01,CLY00,10.11,10.11,10.11,10.11,0,,
1974-05-01,CLY00,10.11,10.11,10.11,10.11,0,,
1974-06-01,CLY00,10.11,10.11,10.11,10.11,0,,
1974-07-01,CLY00,10.11,10.11,10.11,10.11,0,,
1974-08-01,CLY00,10.11,10.11,10.11,10.11,0,,
1974-09-01,CLY00,10.11,10.11,10.11,10.11,0,,
1974-10-01,CLY00,11.16,11.16,11.16,11.16,1.0500000000000007,,
1974-11-01,CLY00,11.16,11.16,11.16,11.16,0,,
1974-12-01,CLY00,11.16,11.16,11.16,11.16,0,,
1975-01-01,CLY00,11.16,11.16,11.16,11.16,0,,
1975-02-01,CLY00,11.16,11.16,11.16,11.16,0,,
1975-03-01,CLY00,11.16,11.16,11.16,11.16,0,,
1975-04-01,CLY00,11.16,11.16,11.16,11.16,0,,
1975-05-01,CLY00,11.16,11.16,11.16,11.16,0,,
1975-06-01,CLY00,11.16,11.16,11.16,11.16,0,,
1975-07-01,CLY00,11.16,11.16,11.16,11.16,0,,
1975-08-01,CLY00,11.16,11.16,11.16,11.16,0,,
1975-09-01,CLY00,11.16,11.16,11.16,11.16,0,,
1975-10-01,CLY00,11.16,11.16,11.16,11.16,0,,
1975-11-01,CLY00,11.16,11.16,11.16,11.16,0,,
1975-12-01,CLY00,11.16,11.16,11.16,11.16,0,,
1976-01-01,CLY00,11.16,11.16,11.16,11.16,0,,
1976-02-01,CLY00,12.03,12.03,12.03,12.03,0.8699999999999992,,
1976-03-01,CLY00,12.1,12.1,12.1,12.1,0.07000000000000028,,
1976-04-01,CLY00,12.17,12.17,12.17,12.17,0.07000000000000028,,
1976-05-01,CLY00,12.17,12.17,10.6,10.6,-1.5700000000000003,,
1976-06-01,CLY00,12.17,12.17,12.17,12.17,1.5700000000000003,,
1976-07-01,CLY00,12.17,12.17,12.17,12.17,0,,
1976-08-01,CLY00,12.17,12.17,12.17,12.17,0,,
1976-09-01,CLY00,13.9,13.9,13.9,13.9,1.7300000000000004,,
1976-10-01,CLY00,13.9,13.9,13.9,13.9,0,,
1976-11-01,CLY00,13.9,13.9,13.9,13.9,0,,
1976-12-01,CLY00,13.9,13.9,13.9,13.9,0,,
1977-01-01,CLY00,13.9,13.9,13.9,13.9,0,,
1977-02-01,CLY00,13.9,13.9,13.9,13.9,0,,
1977-03-01,CLY00,13.9,13.9,13.9,13.9,0,,
1977-04-01,CLY00,13.9,13.9,13.9,13.9,0,,
1977-05-01,CLY00,13.9,13.9,13.9,13.9,0,,
1977-06-01,CLY00,13.9,13.9,13.9,13.9,0,,
1977-07-01,CLY00,13.9,13.9,13.9,13.9,0,,
1977-08-01,CLY00,13.78,14.23,13.78,14.23,0.33000000000000007,,
1977-09-01,CLY00,14.5,14.97,14.5,14.97,0.7400000000000002,,
1977-10-01,CLY00,14.85,14.85,14.85,14.85,-0.120000000000001,,
1977-11-01,CLY00,14.85,14.85,14.85,14.85,0,,
1977-12-01,CLY00,14.85,14.85,14.85,14.85,0,,
1978-01-01,CLY00,14.85,14.85,14.85,14.85,0,,
1978-02-01,CLY00,14.85,14.85,14.85,14.85,0,,
1978-03-01,CLY00,14.85,14.85,14.85,14.85,0,,
1978-04-01,CLY00,14.85,14.85,14.85,14.85,0,,
1978-05-01,CLY00,14.85,14.85,14.85,14.85,0,,
1978-06-01,CLY00,14.85,14.85,14.85,14.85,0,,
1978-07-01,CLY00,14.85,14.85,14.85,14.85,0,,
1978-08-01,CLY00,14.85,14.85,14.85,14.85,0,,
1978-09-01,CLY00,14.85,14.85,14.85,14.85,0,,
1978-10-01,CLY00,14.85,14.85,14.85,14.85,0,,
1978-11-01,CLY00,14.85,14.85,14.85,14.85,0,,
1978-12-01,CLY00,14.72,15.14,14.72,15.14,0.2900000000000009,,
1979-01-01,CLY00,15.48,15.97,15.48,15.97,0.8300000000000001,,
1979-02-01,CLY00,15.85,15.85,15.85,15.85,-0.120000000000001,,
1979-03-01,CLY00,15.57,16.57,15.57,16.57,0.7200000000000006,,
1979-04-01,CLY00,17.23,18.74,17.23,18.74,2.169999999999998,,
1979-05-01,CLY00,18.12,21.02,18.12,21.02,2.280000000000001,,
1979-06-01,CLY00,22.09,25.64,22.09,25.64,4.620000000000001,,
1979-07-01,CLY00,25.45,27.67,25.45,27.67,2.030000000000001,,
1979-08-01,CLY00,27.85,30.03,27.85,30.03,2.3599999999999994,,
1979-09-01,CLY00,30.22,31.68,30.22,31.68,1.6499999999999986,,
1979-10-01,CLY00,31.65,33.58,31.65,33.58,1.8999999999999986,,
1979-11-01,CLY00,33.73,36.38,33.73,36.38,2.8000000000000043,,
1979-12-01,CLY00,37.23,38.47,37.23,38.01,1.6299999999999955,,
1980-01-01,CLY00,37.35,37.35,36.87,36.87,-1.1400000000000006,,
1980-02-01,CLY00,36.69,37.88,36.69,37.88,1.0100000000000051,,
1980-03-01,CLY00,38.75,39.81,38.75,39.81,1.9299999999999997,,
1980-04-01,CLY00,39.5,39.5,39.5,39.5,-0.3100000000000023,,
1980-05-01,CLY00,39.5,39.5,39.5,39.5,0,,
1980-06-01,CLY00,39.5,39.5,39.5,39.5,0,,
1980-07-01,CLY00,39.68,39.68,38.95,38.95,-0.5499999999999972,,
1980-08-01,CLY00,38.79,38.79,37.22,37.22,-1.730000000000004,,
1980-09-01,CLY00,36.71,36.71,35.75,35.75,-1.4699999999999989,,
1980-10-01,CLY00,36,36,36,36,0.25,,
1980-11-01,CLY00,35.87,36.29,35.87,36.29,0.28999999999999915,,
1980-12-01,CLY00,36.51,37.48,36.51,37.48,1.1899999999999977,,
1981-01-01,CLY00,37.64,38.12,37.64,38.12,0.6400000000000006,,
1981-02-01,CLY00,38,38,38,38,-0.11999999999999744,,
1981-03-01,CLY00,38,38,38,38,0,,
1981-04-01,CLY00,38.25,38.25,37.27,37.27,-0.7299999999999969,,
1981-05-01,CLY00,36.71,36.93,35.75,35.75,-1.5200000000000031,,
1981-06-01,CLY00,36.12,36.12,35.64,35.64,-0.10999999999999943,,
1981-07-01,CLY00,35.35,35.35,34.87,34.87,-0.7700000000000031,,
1981-08-01,CLY00,35,35,35,35,0.13000000000000256,,
1981-09-01,CLY00,35,35,35,35,0,,
1981-10-01,CLY00,35,35,35,35,0,,
1981-11-01,CLY00,35,35,35,35,0,,
1981-12-01,CLY00,35,35,35,35,0,,
1982-01-01,CLY00,35.12,35.12,34.7,34.7,-0.29999999999999716,,
1982-02-01,CLY00,34.48,34.48,33.58,33.58,-1.1200000000000045,,
1982-03-01,CLY00,33.48,33.48,32.51,32.51,-1.0700000000000003,,
1982-04-01,CLY00,32.35,32.35,31.87,31.87,-0.639999999999997,,
1982-05-01,CLY00,32,32,32,32,0.129999999999999,,
1982-06-01,CLY00,32,32,32,32,0,,
1982-07-01,CLY00,32,32,32,32,0,,
1982-08-01,CLY00,32,32,32,32,0,,
1982-09-01,CLY00,31.87,32.35,31.87,32.35,0.3500000000000014,,
1982-10-01,CLY00,32.64,33.12,32.64,33.12,0.769999999999996,,
1982-11-01,CLY00,33.12,33.12,32.64,32.64,-0.4799999999999969,,
1982-12-01,CLY00,32.35,32.35,31.87,31.87,-0.7699999999999996,,
1983-01-01,CLY00,32.25,32.25,31.27,31.27,-0.6000000000000014,,
1983-02-01,CLY00,30.7,30.7,29.75,29.75,-1.5199999999999996,,
1983-03-01,CLY00,30,30,27.4,29.6,-0.14999999999999858,146,110
1983-04-01,CLY00,29.65,30.85,29.65,30.8,1.1999999999999993,696,2391
1983-05-01,CLY00,30.7,30.7,29.8,30.3,-0.5,787,4216
1983-06-01,CLY00,30.35,31.6,30.35,31.35,1.0500000000000007,722,4598
1983-07-01,CLY00,31.35,31.95,31.3,31.95,0.5999999999999979,927,5482
1983-08-01,CLY00,32,32.25,31.65,31.65,-0.3000000000000007,752,5689
1983-09-01,CLY00,31.65,31.65,30.45,30.45,-1.1999999999999993,1205,7811
1983-10-01,CLY00,30,30.85,30,30.25,-0.1999999999999993,2194,12661
1983-11-01,CLY00,30.35,30.45,29.2,29.2,-1.0500000000000007,3359,14179
1983-12-01,CLY00,29.4,29.95,28.45,29.6,0.40000000000000213,4653,21905
1984-01-01,CLY00,29.4,30.15,29.25,30,0.3999999999999986,5178,22440
1984-02-01,CLY00,30.25,31,29.6,30.5,0.5,6535,24279
1984-03-01,CLY00,30.75,30.95,30.6,30.8,0.3000000000000007,5521,27032
1984-04-01,CLY00,30.75,30.8,30.25,30.25,-0.5500000000000007,5311,27983
1984-05-01,CLY00,30.25,31,30.15,30.85,0.6000000000000014,6200,25857
1984-06-01,CLY00,30.75,30.75,29.15,29.75,-1.1000000000000014,6260,24779
1984-07-01,CLY00,29.6,29.65,27.65,27.67,-2.0799999999999983,7378,33108
1984-08-01,CLY00,28.05,29.85,28.05,29.3,1.629999999999999,8713,34566
1984-09-01,CLY00,29.1,29.65,28.9,29.65,0.34999999999999787,5852,32771
1984-10-01,CLY00,29.65,29.65,27.55,28.5,-1.1499999999999986,10579,35330
1984-11-01,CLY00,28.7,28.7,27.15,27.3,-1.1999999999999993,8737,37274
1984-12-01,CLY00,27.3,27.7,26.05,26.4,-0.9000000000000021,12092,45685
1985-01-01,CLY00,26,26.35,25.2,26.35,-0.04999999999999716,17512,56079
1985-02-01,CLY00,26.75,28.05,26.4,26.55,0.1999999999999993,19066,59026
1985-03-01,CLY00,27.2,29.7,27.2,28.3,1.75,14216,49726
1985-04-01,CLY00,28.7,29.6,27.6,27.6,-0.6999999999999993,12979,46222
1985-05-01,CLY00,27.35,28,27.15,27.85,0.25,13185,51732
1985-06-01,CLY00,27.5,27.5,26.75,26.85,-1,17110,60486
1985-07-01,CLY00,26.7,28,26.7,27.15,0.29999999999999716,15048,58191
1985-08-01,CLY00,27.2,28.2,27.2,28.05,0.9000000000000021,12350,54819
1985-09-01,CLY00,28.3,29.1,27.65,29.1,1.0500000000000007,16988,62787
1985-10-01,CLY00,29.05,30.4,28.65,30.4,1.2999999999999972,15796,66147
1985-11-01,CLY00,30.35,31.8,28.75,28.75,-1.6499999999999986,17615,65375
1985-12-01,CLY00,29.75,29.75,25.2,26.3,-2.4499999999999993,18337,59605
1986-01-01,CLY00,25.55,26.55,18.85,18.85,-7.449999999999999,23463,69614
1986-02-01,CLY00,17.35,17.65,13.25,13.25,-5.600000000000001,25726,66811
1986-03-01,CLY00,12.25,14,10.4,10.4,-2.8499999999999996,27813,73167
1986-04-01,CLY00,11.3,14.35,11.3,13.35,2.9499999999999993,31257,88203
1986-05-01,CLY00,13.8,17.5,13.8,14.3,0.9500000000000011,32013,100012
1986-06-01,CLY00,13.8,14.7,12.55,12.8,-1.5,28853,103300
1986-07-01,CLY00,12.4,13.1,10.75,11.15,-1.6500000000000004,39018,117180
1986-08-01,CLY00,11.55,15.9,11.55,15.9,4.75,33214,113286
1986-09-01,CLY00,16.45,16.45,13.95,14.75,-1.1500000000000004,31541,104874
1986-10-01,CLY00,15.15,15.4,13.7,15.3,0.5500000000000007,42725,117423
1986-11-01,CLY00,14.7,15.65,14.7,15,-0.3000000000000007,33306,113077
1986-12-01,CLY00,15.3,17.95,15,17.95,2.9499999999999993,44846,113631
1987-01-01,CLY00,18.15,19.15,17.95,18.75,0.8000000000000007,41388,127410
1987-02-01,CLY00,18.55,18.6,16.4,16.6,-2.1499999999999986,50966,144569
1987-03-01,CLY00,16.4,19,16.4,18.8,2.1999999999999993,54297,160668
1987-04-01,CLY00,18.8,19.35,18,18.75,-0.05000000000000071,50197,155686
1987-05-01,CLY00,18.85,19.95,18.85,19.4,0.6499999999999986,46561,143305
1987-06-01,CLY00,19.55,20.65,19.55,20.3,0.9000000000000021,54187,147501
1987-07-01,CLY00,20.5,22.4,20.5,21.35,1.0500000000000007,63946,177760
1987-08-01,CLY00,21.15,21.95,18.65,19.7,-1.6500000000000021,71654,195468
1987-09-01,CLY00,19.65,19.75,18.95,19.6,-0.09999999999999787,53432,197623
1987-10-01,CLY00,19.6,20.2,19.45,19.95,0.34999999999999787,54651,183276
1987-11-01,CLY00,19.6,19.6,18.4,18.5,-1.4499999999999993,67746,165489
1987-12-01,CLY00,18.45,18.85,15.15,16.7,-1.8000000000000007,85515,199286
1988-01-01,CLY00,17.7,17.85,16.6,16.95,0.25,81873,203621
1988-02-01,CLY00,16.8,17.65,15.8,16,-0.9499999999999993,67708,200851
1988-03-01,CLY00,15.7,17.1,15.35,17.1,1.1000000000000014,78461,210878
1988-04-01,CLY00,17,18.6,16.8,18,0.8999999999999986,67583,192074
1988-05-01,CLY00,17.15,17.75,17,17.5,-0.5,57203,177155
1988-06-01,CLY00,17.6,17.65,15.15,15.15,-2.3499999999999996,68486,180019
1988-07-01,CLY00,14.95,16.3,14.45,16.3,1.1500000000000004,87681,177978
1988-08-01,CLY00,16.1,16.1,15.05,15.2,-1.1000000000000014,52862,177879
1988-09-01,CLY00,15.1,15.4,13.35,13.35,-1.8499999999999996,93136,220973
1988-10-01,CLY00,13.05,15.4,12.6,13.6,0.25,94304,221628
1988-11-01,CLY00,13.45,15.3,13,15.3,1.700000000000001,80135,196454
1988-12-01,CLY00,15.6,17.75,15.35,17.25,1.9499999999999993,69031,196109
1989-01-01,CLY00,17.35,19.3,17.05,17.05,-0.1999999999999993,91135,204066
1989-02-01,CLY00,17.5,18.6,17.1,18.15,1.0999999999999979,79873,210299
1989-03-01,CLY00,18.3,20.8,18.3,20.2,2.0500000000000007,93060,224322
1989-04-01,CLY00,19.95,24.65,19.8,20.4,0.1999999999999993,103523,248032
1989-05-01,CLY00,20.65,20.95,19.05,19.9,-0.5,86391,231390
1989-06-01,CLY00,19.8,20.85,19.25,20.25,0.3500000000000014,94332,222748
1989-07-01,CLY00,20.8,20.8,17.95,18.3,-1.9499999999999993,87016,221389
1989-08-01,CLY00,18.05,19.1,17.9,18.85,0.5500000000000007,58282,209702
1989-09-01,CLY00,18.85,20.15,18.85,20.15,1.2999999999999972,76722,230990
1989-10-01,CLY00,20,20.9,19.4,19.95,-0.1999999999999993,69149,235716
1989-11-01,CLY00,20.05,20.2,19.25,19.9,-0.05000000000000071,67506,242677
1989-12-01,CLY00,20.3,22.35,20.25,21.8,1.9000000000000021,73754,257974
1990-01-01,CLY00,22.9,23.7,21.6,22.7,0.8999999999999986,97882,273193
1990-02-01,CLY00,22.7,23,21.4,21.55,-1.1499999999999986,93728,300069
1990-03-01,CLY00,21.15,21.6,19.3,20.3,-1.25,81147,287013
1990-04-01,CLY00,20.5,20.5,16.95,18.55,-1.75,90149,287538
1990-05-01,CLY00,18.8,19.7,16.13,17.4,-1.1500000000000021,88403,278600
1990-06-01,CLY00,17.53,17.6,15.3,17.05,-0.34999999999999787,87222,285384
1990-07-01,CLY00,16.7,20.7,16.5,20.7,3.6499999999999986,97393,275771
1990-08-01,CLY00,21.55,31.95,21.55,27.3,6.600000000000001,118217,251322
1990-09-01,CLY00,29.1,39.55,29.1,39.5,12.2,109097,266313
1990-10-01,CLY00,37.1,40.4,28.4,35.25,-4.25,105951,269167
1990-11-01,CLY00,35.15,35.55,28.85,28.85,-6.399999999999999,84221,242500
1990-12-01,CLY00,29.15,30.65,25.35,28.45,-0.40000000000000213,68513,232405
1991-01-01,CLY00,26.5,32,19.25,21.55,-6.899999999999999,90769,249759
1991-02-01,CLY00,21.35,22.95,17.85,19.09,-2.460000000000001,77830,272396
1991-03-01,CLY00,19.35,20.6,19,19.65,0.5599999999999987,80265,285417
1991-04-01,CLY00,19.3,21.9,19.3,20.95,1.3000000000000007,85659,303942
1991-05-01,CLY00,21.25,21.95,20.75,21.15,0.1999999999999993,79120,286159
1991-06-01,CLY00,21.15,21.15,19.65,20.55,-0.5999999999999979,70535,277587
1991-07-01,CLY00,20.75,22.15,20.65,21.7,1.1499999999999986,76127,278704
1991-08-01,CLY00,21.25,22.45,21.25,22.26,0.5600000000000023,72630,267186
1991-09-01,CLY00,22.25,22.35,21.35,22.25,-0.010000000000001563,77148,264223
1991-10-01,CLY00,22.2,24.15,22.2,23.35,1.1000000000000014,91805,298434
1991-11-01,CLY00,23.8,23.8,21,21.5,-1.8500000000000014,100452,292889
1991-12-01,CLY00,21.1,21.1,18.25,19.1,-2.3999999999999986,93640,284453
1992-01-01,CLY00,19.5,19.5,17.85,18.9,-0.20000000000000284,95301,310763
1992-02-01,CLY00,18.95,19.85,18.1,18.7,-0.1999999999999993,85783,331050
1992-03-01,CLY00,18.35,19.45,18.35,19.45,0.75,74077,316629
1992-04-01,CLY00,19.85,20.85,19.8,20.85,1.4000000000000021,91461,340008
1992-05-01,CLY00,20.85,22.08,20.1,22.08,1.2299999999999969,89746,319567
1992-06-01,CLY00,22.04,22.89,21.84,22.07,-0.00999999999999801,79055,363964
1992-07-01,CLY00,21.74,22.15,21.23,21.8,-0.2699999999999996,78101,317539
1992-08-01,CLY00,21.58,21.81,20.85,21.46,-0.33999999999999986,71753,316099
1992-09-01,CLY00,21.69,22.39,21.38,21.59,0.129999999999999,71821,314372
1992-10-01,CLY00,21.79,22.37,20.56,20.62,-0.9699999999999989,77414,299584
1992-11-01,CLY00,20.77,20.82,19.88,19.88,-0.740000000000002,73998,279137
1992-12-01,CLY00,19.53,20.09,18.59,19.48,-0.3999999999999986,78007,315440
1993-01-01,CLY00,19.04,20.44,18.13,20.24,0.759999999999998,106934,352316
1993-02-01,CLY00,20.31,20.65,19.2,20.62,0.38000000000000256,86939,350329
1993-03-01,CLY00,20.66,21.43,19.53,20.43,-0.19000000000000128,82154,385512
1993-04-01,CLY00,20.52,20.75,19.8,20.55,0.120000000000001,63840,363058
1993-05-01,CLY00,20.56,20.65,18.99,19.98,-0.5700000000000003,75269,362073
1993-06-01,CLY00,20.22,20.22,18.18,18.82,-1.1600000000000001,87782,385396
1993-07-01,CLY00,18.37,18.95,16.76,17.86,-0.9600000000000009,114093,395215
1993-08-01,CLY00,17.93,18.85,17.17,18.25,0.39000000000000057,97867,417324
1993-09-01,CLY00,17.91,18.84,16.44,18.68,0.4299999999999997,118075,379398
1993-10-01,CLY00,18.6,19.05,16.87,16.9,-1.7800000000000011,90636,391173
1993-11-01,CLY00,17.43,17.62,15.12,15.53,-1.3699999999999992,104323,362115
1993-12-01,CLY00,15.44,15.5,13.79,14.13,-1.3999999999999986,90300,383483
1994-01-01,CLY00,14.54,15.62,14.14,15.24,1.1099999999999994,104840,423167
1994-02-01,CLY00,15.87,16.29,13.86,14.47,-0.7699999999999996,94095,410710
1994-03-01,CLY00,14.76,15.41,13.95,14.79,0.3199999999999985,95019,421218
1994-04-01,CLY00,14.79,17.23,14.74,16.95,2.16,110661,366646
1994-05-01,CLY00,17.14,18.91,16.79,18.29,1.3399999999999999,118938,413789
1994-06-01,CLY00,18.21,20.77,17.67,19.36,1.0700000000000003,113931,410274
1994-07-01,CLY00,19.51,20.63,19.11,20.45,1.0899999999999999,102293,374416
1994-08-01,CLY00,20.54,20.87,16.82,17.57,-2.879999999999999,109199,372660
1994-09-01,CLY00,17.44,18.36,16.66,18.36,0.7899999999999991,81901,351743
1994-10-01,CLY00,18.17,18.65,16.86,18.12,-0.23999999999999844,102590,399242
1994-11-01,CLY00,18.64,19.08,17.29,18.04,-0.08000000000000185,107699,377459
1994-12-01,CLY00,17.8,18.09,16.51,17.78,-0.259999999999998,80317,349252
1995-01-01,CLY00,17.44,18.81,17.17,18.16,0.379999999999999,99109,353461
1995-02-01,CLY00,18.48,18.92,17.84,18.51,0.3500000000000014,80764,339590
1995-03-01,CLY00,18.32,19.26,17.86,19.16,0.6499999999999986,97618,344417
1995-04-01,CLY00,19.06,20.57,18.93,20.2,1.0399999999999991,107599,340328
1995-05-01,CLY00,20.47,20.71,18.67,18.77,-1.4299999999999997,101242,323409
1995-06-01,CLY00,18.93,19.24,17.17,17.39,-1.379999999999999,91362,334779
1995-07-01,CLY00,17.36,17.61,16.67,17.55,0.16000000000000014,79739,313311
1995-08-01,CLY00,17.69,18.57,17.17,17.85,0.3000000000000007,75836,326865
1995-09-01,CLY00,18.03,19.01,17.25,17.52,-0.33000000000000185,90879,314015
1995-10-01,CLY00,17.63,17.69,16.68,17.61,0.08999999999999986,81089,315510
1995-11-01,CLY00,17.73,18.62,17.57,18.16,0.5500000000000007,75470,279649
1995-12-01,CLY00,18.25,19.71,18.2,19.47,1.3099999999999987,80196,324708
1996-01-01,CLY00,19.81,20.48,17.26,17.7,-1.7699999999999996,106449,361727
1996-02-01,CLY00,17.76,19.84,17.49,19.52,1.8200000000000003,88878,377817
1996-03-01,CLY00,19.43,24.74,18.86,21.63,2.1099999999999994,109045,430706
1996-04-01,CLY00,21.8,25.19,21.5,21.6,-0.029999999999997584,116364,466022
1996-05-01,CLY00,20.64,21.48,19.74,19.74,-1.860000000000003,98240,425198
1996-06-01,CLY00,19.68,21.91,19.68,20.84,1.1000000000000014,80337,376164
1996-07-01,CLY00,21.5,22.47,20.11,20.41,-0.4299999999999997,73669,335405
1996-08-01,CLY00,21.03,23.15,20.31,22.24,1.8299999999999983,77179,364412
1996-09-01,CLY00,23.39,25.31,23,24.37,2.1300000000000026,95633,395370
1996-10-01,CLY00,24.13,26.06,23.9,24.49,0.11999999999999744,91197,410363
1996-11-01,CLY00,23.02,24.84,22.53,23.74,-0.75,82338,385200
1996-12-01,CLY00,24.79,26.56,23.21,25.91,2.1700000000000017,76068,368086
1997-01-01,CLY00,25.68,26.61,23.41,24.82,-1.0899999999999999,88621,357683
1997-02-01,CLY00,24.14,24.4,20.01,20.66,-4.16,98544,350712
1997-03-01,CLY00,20.24,22.44,20.02,20.41,-0.25,106941,391690
1997-04-01,CLY00,20.27,21.06,19.05,20.15,-0.26000000000000156,92339,376278
1997-05-01,CLY00,19.9,22.11,19.01,20.87,0.7200000000000024,97040,354011
1997-06-01,CLY00,20.97,21.01,17.87,19.76,-1.1099999999999994,98993,366567
1997-07-01,CLY00,20.11,20.4,18.68,20.13,0.36999999999999744,101152,375655
1997-08-01,CLY00,20.19,20.85,19.21,19.6,-0.5299999999999976,103578,395325
1997-09-01,CLY00,19.64,21.25,18.1,21.17,1.5700000000000003,91296,348195
1997-10-01,CLY00,21.04,22.89,19.48,21.24,0.06999999999999673,111791,388788
1997-11-01,CLY00,19.85,21.45,19.11,19.14,-2.099999999999998,84588,352683
1997-12-01,CLY00,18.63,19.04,17.53,17.63,-1.5100000000000016,80946,411608
1998-01-01,CLY00,17.42,17.81,15.75,17.81,0.17999999999999972,121957,400182
1998-02-01,CLY00,17.04,17.17,15.27,15.35,-2.459999999999999,114416,412633
1998-03-01,CLY00,15.33,16.85,13.2,15.96,0.6100000000000012,130782,465217
1998-04-01,CLY00,15.65,15.9,15.05,15.38,-0.5800000000000001,112129,441503
1998-05-01,CLY00,16.12,16.14,13.69,14.8,-0.5800000000000001,123955,421854
1998-06-01,CLY00,15.1,15.4,11.55,14.15,-0.6500000000000004,139461,464873
1998-07-01,CLY00,14.19,14.86,13.31,14.23,0.08000000000000007,103221,455860
1998-08-01,CLY00,14.17,14.17,12.3,13.33,-0.9000000000000004,98415,487323
1998-09-01,CLY00,13.23,16.14,13.23,16.13,2.799999999999999,110359,457037
1998-10-01,CLY00,16.14,16.14,13.3,14.41,-1.7199999999999989,115345,481809
1998-11-01,CLY00,14.35,14.69,11.12,11.38,-3.0299999999999994,113306,424706
1998-12-01,CLY00,11.23,12.42,10.8,11.66,0.27999999999999936,118155,493765
1999-01-01,CLY00,12.12,13.43,11.8,12.76,1.0999999999999996,116992,457180
1999-02-01,CLY00,12.84,12.85,11.36,12.65,-0.10999999999999943,114706,498549
1999-03-01,CLY00,12.23,16.79,12.22,16.75,4.1,163559,580587
1999-04-01,CLY00,16.48,18.46,15.82,18.46,1.7100000000000009,158610,615361
1999-05-01,CLY00,18.55,18.92,16.72,17.14,-1.3200000000000003,150934,594291
1999-06-01,CLY00,16.71,18.64,15.95,18.57,1.4299999999999997,150266,582094
1999-07-01,CLY00,19.35,21,19.34,21,2.4299999999999997,145662,600857
1999-08-01,CLY00,20.29,22,20.16,21.91,0.9100000000000001,148720,584979
1999-09-01,CLY00,22.05,24.77,21.2,24.47,2.5599999999999987,150703,594168
1999-10-01,CLY00,24.53,24.53,21.04,21.61,-2.8599999999999994,162511,594473
1999-11-01,CLY00,22.02,26.86,22.02,25.75,4.140000000000001,148861,511158
1999-12-01,CLY00,24.9,26.94,24.82,26.92,1.1700000000000017,92584,482587
2000-01-01,CLY00,26.92,29.26,24.04,26.8,-0.120000000000001,119877,443816
2000-02-01,CLY00,27.82,30.25,27.62,30.15,3.349999999999998,136893,491517
2000-03-01,CLY00,30.35,33.85,26.3,26.8,-3.349999999999998,142283,513310
2000-04-01,CLY00,26.8,26.85,23.84,24.73,-2.0700000000000003,111423,443041
2000-05-01,CLY00,24.73,30.33,24.73,30.33,5.599999999999998,120746,433392
2000-06-01,CLY00,29.03,32.6,29.03,31.8,1.4700000000000024,146532,461888
2000-07-01,CLY00,31.8,31.94,27.77,28.14,-3.66,130896,391387
2000-08-01,CLY00,27.51,33.3,27.48,33.26,5.119999999999997,136884,416618
2000-09-01,CLY00,33,37,30.45,30.45,-2.8099999999999987,176229,439138
2000-10-01,CLY00,31.3,35.76,30.77,32.8,2.349999999999998,146158,477736
2000-11-01,CLY00,32.9,35.5,32.44,34.57,1.7700000000000031,129903,425017
2000-12-01,CLY00,33.48,33.48,25.76,25.76,-8.809999999999999,121408,397978
2001-01-01,CLY00,27.13,32.15,25.76,29.2,3.4399999999999977,137347,378491
2001-02-01,CLY00,28.46,31.55,25.17,28.22,-0.9800000000000004,139288,380854
2001-03-01,CLY00,27.4,28.96,26.15,26.46,-1.759999999999998,157031,402492
2001-04-01,CLY00,26.4,28.81,25.65,28.48,2.0199999999999996,153947,368290
2001-05-01,CLY00,28.48,32.3,27.62,28.38,-0.10000000000000142,148108,385832
2001-06-01,CLY00,27.93,29.18,25.62,25.74,-2.6400000000000006,176784,431559
2001-07-01,CLY00,25.74,28,24.71,26.2,0.46000000000000085,142226,402334
2001-08-01,CLY00,26.2,28.25,26.2,27.23,1.0300000000000011,144133,429298
2001-09-01,CLY00,26.93,29.78,21.45,23.43,-3.8000000000000007,150499,415506
2001-10-01,CLY00,23.28,23.33,21.18,21.18,-2.25,125753,416857
2001-11-01,CLY00,20.38,22.23,17.48,19.48,-1.6999999999999993,152872,414454
2001-12-01,CLY00,20.08,21.28,18.08,19.78,0.3000000000000007,122411,414515
2002-01-01,CLY00,21.03,21.63,17.98,19.48,-0.3000000000000007,165761,448063
2002-02-01,CLY00,20.38,21.73,19.63,21.73,2.25,165694,454153
2002-03-01,CLY00,22.4,26.33,22.4,26.33,4.599999999999998,189018,497404
2002-04-01,CLY00,26.88,27.73,23.48,27.28,0.9500000000000028,196136,488061
2002-05-01,CLY00,26.75,29.38,24.68,25.33,-1.9500000000000028,195603,512413
2002-06-01,CLY00,25.08,26.88,24.13,26.88,1.5500000000000007,166139,474087
2002-07-01,CLY00,26.83,27.88,26.08,27.03,0.15000000000000213,165059,457033
2002-08-01,CLY00,26.48,30.41,26.48,28.98,1.9499999999999993,172070,454218
2002-09-01,CLY00,27.78,30.83,27.78,30.45,1.4699999999999989,192809,505530
2002-10-01,CLY00,30.83,30.83,26.83,27.23,-3.219999999999999,183779,528548
2002-11-01,CLY00,27.13,27.13,25.15,26.88,-0.3500000000000014,179060,482226
2002-12-01,CLY00,27.23,32.73,26.73,31.23,4.350000000000001,192125,531078
2003-01-01,CLY00,31.85,35.03,30.58,33.53,2.3000000000000007,216808,608254
2003-02-01,CLY00,32.78,37.73,32.78,36.63,3.1000000000000014,209945,640978
2003-03-01,CLY00,35.88,37.83,27.5,31.03,-5.600000000000001,196395,568525
2003-04-01,CLY00,29.78,30.88,25.23,25.88,-5.150000000000002,157148,495455
2003-05-01,CLY00,26.03,29.88,25.68,29.58,3.6999999999999993,156004,478886
2003-06-01,CLY00,30.73,32.38,29.03,30.18,0.6000000000000014,165812,494077
2003-07-01,CLY00,30.43,31.98,29.98,30.53,0.3500000000000014,152122,517538
2003-08-01,CLY00,32.33,32.38,30.73,31.78,1.25,173045,542572
2003-09-01,CLY00,29.43,29.48,26.93,29.23,-2.5500000000000007,179883,507191
2003-10-01,CLY00,29.38,31.98,28.48,29.13,-0.10000000000000142,182917,532023
2003-11-01,CLY00,28.93,33.28,28.78,30.33,1.1999999999999993,187477,521401
2003-12-01,CLY00,29.98,33.73,29.98,32.55,2.219999999999999,171626,580586
2004-01-01,CLY00,32.55,35.78,32.55,33.15,0.6000000000000014,202741,615275
2004-02-01,CLY00,34.98,37.18,32.48,36.18,3.030000000000001,202289,656888
2004-03-01,CLY00,36.33,38.18,35.45,35.78,-0.3999999999999986,193158,673519
2004-04-01,CLY00,34.28,37.83,34.28,37.38,1.6000000000000014,202574,690021
2004-05-01,CLY00,38.23,41.88,38.23,39.9,2.519999999999996,209655,722494
2004-06-01,CLY00,42.35,42.35,35.68,37.05,-2.8500000000000014,212833,705103
2004-07-01,CLY00,38.73,43.8,38.38,43.8,6.75,191108,692850
2004-08-01,CLY00,43.83,48.7,42.03,42.12,-1.6799999999999997,223887,705577
2004-09-01,CLY00,44.01,49.91,42.78,49.65,7.530000000000001,221713,684818
2004-10-01,CLY00,50.13,55.23,49.91,51.77,2.1200000000000045,225637,716973
2004-11-01,CLY00,50.14,50.89,46.12,49.14,-2.6300000000000026,224469,705217
2004-12-01,CLY00,47.5,47.5,40.72,43.46,-5.68,193407,676249
2005-01-01,CLY00,42.13,49.45,42.13,48.21,4.75,215336,707933
2005-02-01,CLY00,47.13,51.76,45.29,51.76,3.549999999999997,209858,745226
2005-03-01,CLY00,51.69,56.73,50.36,55.41,3.6499999999999986,258064,829221
2005-04-01,CLY00,57.28,57.28,49.73,49.73,-5.68,255682,833759
2005-05-01,CLY00,50.93,52.08,46.81,51.98,2.25,238003,799038
2005-06-01,CLY00,54.61,59.65,52.55,56.5,4.520000000000003,239657,785383
2005-07-01,CLY00,58.76,61.29,55.49,60.57,4.07,231373,820130
2005-08-01,CLY00,61.58,69.82,60.87,68.95,8.380000000000003,262930,901639
2005-09-01,CLY00,69.48,69.48,63.01,66.25,-2.700000000000003,247606,870640
2005-10-01,CLY00,65.48,65.48,59.77,59.77,-6.479999999999997,237107,848728
2005-11-01,CLY00,59.86,61.79,56.15,57.33,-2.440000000000005,222901,832328
2005-12-01,CLY00,58.48,61.38,57.35,61.04,3.710000000000001,203264,841290
2006-01-01,CLY00,63.45,68.36,62.8,67.93,6.890000000000008,271692,903480
2006-02-01,CLY00,66.57,66.57,57.66,61.42,-6.510000000000005,291803,927471
2006-03-01,CLY00,61.42,67.21,59.97,66.66,5.239999999999995,256567,954157
2006-04-01,CLY00,66.75,73.83,66.24,71.89,5.230000000000004,275502,1000435
2006-05-01,CLY00,73.71,74.62,68.54,71.29,-0.5999999999999943,263876,1055651
2006-06-01,CLY00,70.34,73.98,68.56,73.98,2.6899999999999977,231271,1016206
2006-07-01,CLY00,75.19,77.03,72.67,74.41,0.4299999999999926,234817,1068698
2006-08-01,CLY00,74.92,76.99,69.72,70.27,-4.140000000000001,233537,1163971
2006-09-01,CLY00,69.2,69.2,60.11,62.92,-7.349999999999994,301184,1181796
2006-10-01,CLY00,61.04,61.04,56.83,58.74,-4.18,338419,1168730
2006-11-01,CLY00,58.72,63.14,56.27,63.14,4.399999999999999,373511,1177838
2006-12-01,CLY00,63.14,63.44,60.35,61.06,-2.0799999999999983,345255,1201098
2007-01-01,CLY00,58.33,58.33,50.49,58.15,-2.9100000000000037,512399,1284905
2007-02-01,CLY00,57.31,61.8,57.31,61.8,3.6499999999999986,474021,1281666
2007-03-01,CLY00,62.01,66.04,56.6,65.88,4.079999999999998,455707,1314309
2007-04-01,CLY00,65.95,66.47,61.52,65.71,-0.1700000000000017,462563,1328040
2007-05-01,CLY00,64.41,66.28,61.48,64.02,-1.6899999999999977,429388,1390372
2007-06-01,CLY00,65.09,70.69,64.76,70.69,6.670000000000002,467053,1431610
2007-07-01,CLY00,71.1,78.22,71.1,78.22,7.530000000000001,457565,1523557
2007-08-01,CLY00,76.54,76.87,69.32,74.05,-4.170000000000002,460304,1477420
2007-09-01,CLY00,75.08,83.36,75.08,81.67,7.6200000000000045,557674,1483279
2007-10-01,CLY00,80.25,94.54,79.03,94.54,12.870000000000005,535728,1447062
2007-11-01,CLY00,93.49,98.83,88.72,88.72,-5.820000000000007,535288,1451817
2007-12-01,CLY00,89.32,96.63,87.5,96.01,7.290000000000006,432155,1362290
2008-01-01,CLY00,99.63,99.63,87.32,91.76,-4.25,507813,1393475
2008-02-01,CLY00,88.97,102.6,87.15,101.85,10.08999999999999,501830,1384605
2008-03-01,CLY00,102.46,110.33,99.52,101.59,-0.2599999999999909,625856,1428493
2008-04-01,CLY00,100.98,121.57,100.98,113.46,11.86999999999999,500232,1393827
2008-05-01,CLY00,112.52,132.78,112.52,127.36,13.900000000000006,636216,1396523
2008-06-01,CLY00,127.76,140.21,122.3,140,12.64,591124,1351793
2008-07-01,CLY00,140.97,145.66,122.19,124.08,-15.920000000000002,512529,1277855
2008-08-01,CLY00,123.26,123.26,112.88,115.96,-8.120000000000005,501859,1224056
2008-09-01,CLY00,110.21,120.92,91.15,100.64,-15.319999999999993,571264,1171198
2008-10-01,CLY00,98.54,98.54,63.05,67.81,-32.83,504812,1076822
2008-11-01,CLY00,63.91,70.53,49.13,54.44,-13.370000000000005,453788,1139690
2008-12-01,CLY00,49.28,49.28,30.81,44.6,-9.839999999999996,449276,1160913
2009-01-01,CLY00,46.34,48.81,35.4,41.68,-2.9200000000000017,566949,1232423
2009-02-01,CLY00,40.08,45.22,33.98,44.76,3.0799999999999983,599074,1223251
2009-03-01,CLY00,40.15,54.34,40.15,49.66,4.899999999999999,513983,1190221
2009-04-01,CLY00,48.39,52.64,45.88,51.12,1.4600000000000009,479854,1162993
2009-05-01,CLY00,53.2,66.31,53.2,66.31,15.190000000000005,494781,1159568
2009-06-01,CLY00,68.58,72.68,66.12,69.89,3.5799999999999983,511100,1180522
2009-07-01,CLY00,69.31,69.45,59.52,69.45,-0.4399999999999977,540414,1170717
2009-08-01,CLY00,71.58,73.82,66.75,69.96,0.5099999999999909,561246,1175993
2009-09-01,CLY00,68.05,72.51,65.79,70.61,0.6500000000000057,544123,1174217
2009-10-01,CLY00,70.82,81.37,69.57,77,6.390000000000001,593541,1231152
2009-11-01,CLY00,78.13,80.4,74.82,77.28,0.28000000000000114,578096,1207823
2009-12-01,CLY00,78.37,79.36,69.51,79.36,2.0799999999999983,539981,1201265
2010-01-01,CLY00,81.51,83.18,72.89,72.89,-6.469999999999999,571157,1303478
2010-02-01,CLY00,74.43,80.16,71.19,79.66,6.769999999999996,669888,1306222
2010-03-01,CLY00,78.7,83.76,78.7,83.76,4.1000000000000085,576621,1324066
2010-04-01,CLY00,84.87,86.84,81.45,86.15,2.3900000000000006,828423,1375782
2010-05-01,CLY00,86.19,86.19,66.88,73.97,-12.180000000000007,877639,1416320
2010-06-01,CLY00,72.58,78.86,71.44,75.63,1.6599999999999966,655766,1307322
2010-07-01,CLY00,72.95,79.3,71.98,78.95,3.3200000000000074,542406,1252681
2010-08-01,CLY00,81.34,82.55,71.21,71.92,-7.030000000000001,657192,1262334
2010-09-01,CLY00,73.91,79.97,72.86,79.97,8.049999999999997,761029,1338149
2010-10-01,CLY00,81.58,83.23,79.49,81.43,1.460000000000008,684745,1419099
2010-11-01,CLY00,82.95,87.81,80.44,84.11,2.6799999999999926,641502,1414148
2010-12-01,CLY00,86.75,92.21,86.75,89.84,5.730000000000004,580752,1379197
2011-01-01,CLY00,91.55,92.19,85.19,92.19,2.3499999999999943,896110,1494019
2011-02-01,CLY00,90.77,97.89,84.32,96.97,4.780000000000001,932514,1540653
2011-03-01,CLY00,99.63,106.72,97.18,106.72,9.75,680076,1551405
2011-04-01,CLY00,107.94,113.93,106.25,113.93,7.210000000000008,602453,1565476
2011-05-01,CLY00,113.52,113.52,96.91,102.7,-11.230000000000004,718563,1591301
2011-06-01,CLY00,100.29,101.93,90.61,95.42,-7.280000000000001,716864,1530978
2011-07-01,CLY00,94.94,99.59,94.94,95.7,0.28000000000000114,576764,1517058
2011-08-01,CLY00,94.89,94.89,79.3,88.81,-6.890000000000001,745373,1521784
2011-09-01,CLY00,88.93,90.21,79.2,79.2,-9.61,640850,1433737
2011-10-01,CLY00,77.61,93.96,75.67,93.19,13.989999999999995,702570,1406601
2011-11-01,CLY00,92.19,102.59,92.19,100.36,7.170000000000002,646072,1332550
2011-12-01,CLY00,100.2,101.34,92.88,98.83,-1.5300000000000011,474113,1321496
2012-01-01,CLY00,102.96,103.22,98.18,98.48,-0.3499999999999943,626080,1374578
2012-02-01,CLY00,97.61,109.77,96.36,107.07,8.58999999999999,732874,1475481
2012-03-01,CLY00,108.84,108.84,102.78,103.02,-4.049999999999997,602495,1565795
2012-04-01,CLY00,105.23,105.23,101.02,104.87,1.8500000000000085,529853,1561743
2012-05-01,CLY00,106.16,106.16,86.53,86.53,-18.340000000000003,562372,1520910
2012-06-01,CLY00,83.23,85.02,77.69,84.96,-1.5700000000000074,597879,1446830
2012-07-01,CLY00,83.75,92.66,83.75,88.06,3.1000000000000085,516190,1408640
2012-08-01,CLY00,88.91,97.26,87.13,96.47,8.409999999999997,506687,1473560
2012-09-01,CLY00,95.3,99,89.98,92.19,-4.280000000000001,554820,1575543
2012-10-01,CLY00,92.48,92.48,85.54,86.24,-5.950000000000003,505844,1574332
2012-11-01,CLY00,87.09,89.28,84.44,88.91,2.6700000000000017,524458,1548763
2012-12-01,CLY00,89.09,91.82,85.56,91.82,2.9099999999999966,424297,1514843
2013-01-01,CLY00,93.12,97.94,92.92,97.49,5.670000000000002,570910,1504508
2013-02-01,CLY00,97.77,97.77,92.05,92.05,-5.439999999999998,605770,1636408
2013-03-01,CLY00,90.68,97.23,90.12,97.23,5.180000000000007,524311,1690251
2013-04-01,CLY00,97.07,97.19,86.68,93.46,-3.7700000000000102,605323,1751795
2013-05-01,CLY00,91.03,96.62,91.03,91.97,-1.4899999999999949,627022,1753714
2013-06-01,CLY00,93.45,98.44,93.31,96.56,4.590000000000003,653995,1813449
2013-07-01,CLY00,96.07,108.05,96.07,105.03,8.469999999999999,697910,1835682
2013-08-01,CLY00,107.89,110.07,103.4,107.78,2.75,580596,1872015
2013-09-01,CLY00,108.57,110.54,102.31,102.31,-5.469999999999999,554931,1896113
2013-10-01,CLY00,102.02,104.08,96.37,96.37,-5.939999999999998,598265,1821839
2013-11-01,CLY00,94.61,95.34,92.29,92.78,-3.5900000000000034,527100,1682079
2013-12-01,CLY00,93.83,100.31,93.83,98.46,5.679999999999993,455342,1631012
2014-01-01,CLY00,95.49,98.25,91.68,97.53,-0.9299999999999926,529717,1607352
2014-02-01,CLY00,96.43,103.46,96.43,102.58,5.049999999999997,517100,1628549
2014-03-01,CLY00,105,105,97.99,101.57,-1.0100000000000051,555503,1653377
2014-04-01,CLY00,99.69,104.35,99.63,99.78,-1.789999999999992,543810,1654763
2014-05-01,CLY00,99.41,104.36,99.41,102.75,2.969999999999999,487356,1633399
2014-06-01,CLY00,102.43,106.88,102.43,105.37,2.6200000000000045,540972,1703833
2014-07-01,CLY00,105.36,105.36,98.22,98.22,-7.150000000000006,596851,1687587
2014-08-01,CLY00,97.85,98.27,93.35,95.93,-2.289999999999992,523448,1572669
2014-09-01,CLY00,92.91,95.5,90.83,91.16,-4.77000000000001,609501,1518364
2014-10-01,CLY00,90.75,91.01,80.52,80.52,-10.64,691979,1495353
2014-11-01,CLY00,78.77,78.77,66.03,66.03,-14.489999999999995,640864,1464055
2014-12-01,CLY00,69.02,69.02,53.49,53.49,-12.54,640484,1450268
2015-01-01,CLY00,52.57,52.57,44.53,48.17,-5.32,823196,1599194
2015-02-01,CLY00,49.56,53.54,48.29,49.6,1.4299999999999997,1064866,1713624
2015-03-01,CLY00,49.6,51.5,43.39,47.72,-1.8800000000000026,811654,1724986
2015-04-01,CLY00,50.01,59.54,49.1,59.54,11.82,838441,1734518
2015-05-01,CLY00,59.11,60.94,57.57,60.26,0.7199999999999989,676120,1683669
2015-06-01,CLY00,60.24,61.37,58,59.44,-0.8200000000000003,634908,1648169
2015-07-01,CLY00,56.94,56.94,47.11,47.11,-12.329999999999998,674530,1693928
2015-08-01,CLY00,45.25,49.19,38.25,49.19,2.0799999999999983,912962,1702702
2015-09-01,CLY00,45.41,47.14,44.07,45.15,-4.039999999999999,789210,1661448
2015-10-01,CLY00,44.75,49.67,43.22,46.6,1.4500000000000028,792934,1651989
2015-11-01,CLY00,46.12,47.94,40.61,41.64,-4.960000000000001,805448,1665984
2015-12-01,CLY00,41.78,41.78,34.72,37.13,-4.509999999999998,819800,1674534
2016-01-01,CLY00,36.81,36.81,28.35,33.67,-3.460000000000001,1140960,1741354
2016-02-01,CLY00,31.62,33.82,26.14,33.82,0.14999999999999858,1279019,1821036
2016-03-01,CLY00,34.39,41.57,34.39,38.29,4.469999999999999,1041912,1774815
2016-04-01,CLY00,36.76,46.04,35.72,45.96,7.670000000000002,1123046,1751325
2016-05-01,CLY00,44.75,49.56,43.45,49.1,3.1400000000000006,1021981,1708325
2016-06-01,CLY00,49.06,51.23,46.18,48.26,-0.8400000000000034,943636,1737336
2016-07-01,CLY00,49.01,49.01,41.13,41.56,-6.699999999999996,940557,1727699
2016-08-01,CLY00,40.09,48.49,39.49,44.71,3.1499999999999986,1000607,1810175
2016-09-01,CLY00,43.17,48.11,43.04,48.11,3.3999999999999986,1156839,1842656
2016-10-01,CLY00,48.81,51.59,46.84,46.84,-1.269999999999996,1094926,1851925
2016-11-01,CLY00,46.68,49.4,43.3,49.4,2.559999999999995,1301889,1982744
2016-12-01,CLY00,51.02,54.01,49.84,53.75,4.350000000000001,1140705,2063405
2017-01-01,CLY00,52.36,53.98,50.82,52.76,-0.990000000000002,1119643,2143056
2017-02-01,CLY00,53.88,54.47,52.18,54.01,1.25,1078019,2148066
2017-03-01,CLY00,53.82,53.82,47.69,50.56,-3.4499999999999957,1147333,2181860
2017-04-01,CLY00,50.25,53.38,49,49.31,-1.25,1115344,2190635
2017-05-01,CLY00,48.87,51.48,45.55,48.3,-1.0100000000000051,1249851,2241242
2017-06-01,CLY00,48.32,48.32,42.51,46.02,-2.279999999999994,1323138,2168355
2017-07-01,CLY00,47.08,50.2,44.24,50.2,4.18,1379736,2158738
2017-08-01,CLY00,49.19,49.6,45.96,47.15,-3.0500000000000043,1517090,2259667
2017-09-01,CLY00,47.3,52.24,47.3,51.68,4.530000000000001,1365443,2379867
2017-10-01,CLY00,50.6,54.35,49.33,54.35,2.6700000000000017,1136246,2446399
2017-11-01,CLY00,54.29,58.97,54.29,57.43,3.0799999999999983,1314190,2550572
2017-12-01,CLY00,58.36,60.36,55.96,60.36,2.9299999999999997,1008390,2513110
2018-01-01,CLY00,60.37,66.16,60.37,64.69,4.329999999999998,1355418,2589413
2018-02-01,CLY00,65.8,65.8,59.08,61.61,-3.0799999999999983,1406989,2509243
2018-03-01,CLY00,61.01,65.86,60.17,64.91,3.299999999999997,1188827,2444654
2018-04-01,CLY00,63.08,68.68,62.06,68.52,3.6099999999999994,1330630,2567798
2018-05-01,CLY00,67.28,72.26,66.78,66.96,-1.5600000000000023,1405398,2662500
2018-06-01,CLY00,65.83,74.13,64.76,74.13,7.170000000000002,1359378,2501222
2018-07-01,CLY00,73.91,74.19,67.83,68.71,-5.420000000000002,1096698,2425148
2018-08-01,CLY00,67.67,70.23,65.07,69.85,1.1400000000000006,853647,2292129
2018-09-01,CLY00,69.83,73.19,67.57,73.19,3.3400000000000034,1109721,2246883
2018-10-01,CLY00,75.37,76.39,65.31,65.31,-7.8799999999999955,1064283,2182685
2018-11-01,CLY00,63.74,63.74,50.2,50.78,-14.530000000000001,1311258,2044729
2018-12-01,CLY00,53.02,53.17,42.68,45.44,-5.340000000000003,1143576,2065215
2019-01-01,CLY00,46.52,54.29,46.52,53.82,8.380000000000003,1234248,2081985
2019-02-01,CLY00,55.28,57.23,52.4,57.22,3.3999999999999986,1192664,2043961
2019-03-01,CLY00,55.8,60.25,55.8,60.17,2.950000000000003,1132927,2000481
2019-04-01,CLY00,61.59,66.32,61.59,63.84,3.6700000000000017,1314203,2077426
2019-05-01,CLY00,63.62,63.62,53.51,53.51,-10.330000000000005,1295241,2121631
2019-06-01,CLY00,53.22,59.4,51.13,58.42,4.910000000000004,1170310,2039042
2019-07-01,CLY00,59.1,60.43,55.31,58.52,0.10000000000000142,1036410,2049804
2019-08-01,CLY00,53.7,57.07,51.14,55.06,-3.460000000000001,1266097,2033447
2019-09-01,CLY00,53.91,62.88,53.91,54.12,-0.9400000000000048,1346612,2071374
2019-10-01,CLY00,53.6,56.6,52.48,54.18,0.060000000000002274,1011483,2094013
2019-11-01,CLY00,56.21,58.58,55.21,55.42,1.240000000000002,951676,2141000
2019-12-01,CLY00,55.99,61.74,55.99,61.1,5.68,918654,2166996
2020-01-01,CLY00,61.15,63.26,51.58,51.58,-9.520000000000003,1239455,2193883
2020-02-01,CLY00,50.05,53.73,45.26,45.26,-6.32,1478950,2195183
2020-03-01,CLY00,47.52,47.52,20.1,20.1,-25.159999999999997,1858107,2198997
2020-04-01,CLY00,20.31,29,12.93,18.84,-1.2600000000000016,1872991,2321540
2020-05-01,CLY00,19.69,35.33,19.69,35.33,16.49,1064449,2200565
2020-06-01,CLY00,35.46,40.69,35.46,39.28,3.950000000000003,870094,2073036
2020-07-01,CLY00,39.76,41.88,39.63,40.25,0.9699999999999989,735373,1984649
2020-08-01,CLY00,40.99,43.39,40.99,42.62,2.3699999999999974,747627,2049372
2020-09-01,CLY00,42.76,42.76,36.76,40.21,-2.4099999999999966,813301,2065048
2020-10-01,CLY00,38.71,41.69,35.7,35.7,-4.509999999999998,774476,2047798
2020-11-01,CLY00,36.79,45.86,36.79,45.34,9.64,882524,2070396
2020-12-01,CLY00,44.55,49.08,44.55,48.52,3.1799999999999997,700280,2135351
2021-01-01,CLY00,47.62,53.57,47.62,52.14,3.6199999999999974,994015,2253113
2021-02-01,CLY00,53.55,63.47,53.55,61.5,9.36,1161361,2464243
2021-03-01,CLY00,60.2,66.28,57.4,59.16,-2.3400000000000034,1130860,2436496
2021-04-01,CLY00,61.45,65.01,58.65,63.58,4.420000000000002,894294,2341333
2021-05-01,CLY00,64.5,66.85,62.05,66.32,2.739999999999995,952687,2446739
2021-06-01,CLY00,67.72,74,67.72,73.46,7.140000000000001,919766,2444548
2021-07-01,CLY00,75.23,75.25,66.61,73.81,0.3500000000000085,973393,2341223
2021-08-01,CLY00,71.49,71.49,62.32,68.51,-5.299999999999997,855278,2154188
2021-09-01,CLY00,68.22,75.45,68.14,75.03,6.519999999999996,900229,2138534
2021-10-01,CLY00,75.88,84.65,75.88,83.57,8.539999999999992,1166716,2199932
2021-11-01,CLY00,84.05,84.15,66.18,66.18,-17.389999999999986,1092918,2065289
2021-12-01,CLY00,65.57,76.99,65.57,75.21,9.029999999999987,786039,1926684
2022-01-01,CLY00,76.08,88.15,76.08,88.15,12.940000000000012,1012058,2013858
2022-02-01,CLY00,88.2,95.72,88.2,95.72,7.569999999999993,1228868,2117651
2022-03-01,CLY00,103.41,123.7,95.04,100.28,4.560000000000002,1028593,1851836
2022-04-01,CLY00,99.27,108.21,94.29,104.69,4.409999999999997,702736,1769505
2022-05-01,CLY00,105.17,115.07,99.76,114.67,9.980000000000004,659726,1742556
2022-06-01,CLY00,115.26,122.11,104.27,105.76,-8.909999999999997,768322,1714381
2022-07-01,CLY00,108.43,108.43,94.7,98.62,-7.140000000000001,804095,1607332
2022-08-01,CLY00,93.89,97.01,86.53,89.55,-9.070000000000007,763155,1539865
2022-09-01,CLY00,86.61,88.48,76.71,79.49,-10.060000000000002,727065,1492865
2022-10-01,CLY00,83.63,92.64,82.82,86.53,7.040000000000006,681873,1467466
2022-11-01,CLY00,88.37,92.61,76.28,80.55,-5.980000000000004,780379,1442098
2022-12-01,CLY00,81.22,81.22,71.02,80.26,-0.28999999999999204,704105,1424221
2023-01-01,CLY00,76.93,81.62,72.84,78.87,-1.3900000000000006,810420,1603775
2023-02-01,CLY00,76.41,80.14,73.39,77.05,-1.8200000000000074,765957,1778857
2023-03-01,CLY00,77.69,80.46,66.74,75.67,-1.3799999999999955,857336,1785561
2023-04-01,CLY00,80.42,83.26,74.3,76.78,1.1099999999999994,797414,1877088
2023-05-01,CLY00,75.66,75.66,68.09,68.09,-8.689999999999998,777319,1875066
2023-06-01,CLY00,70.1,72.53,67.12,70.64,2.549999999999997,855843,1880851
2023-07-01,CLY00,69.79,81.8,69.79,81.8,11.159999999999997,817920,1766140
2023-08-01,CLY00,81.37,84.4,78.89,83.63,1.8299999999999983,818199,1682527
2023-09-01,CLY00,85.55,93.68,85.55,90.79,7.160000000000011,974991,1737921
2023-10-01,CLY00,88.82,89.38,81.01,81.01,-9.780000000000001,856872,1695755
2023-11-01,CLY00,80.44,82.44,72.92,76.04,-4.969999999999999,777413,1622096
2023-12-01,CLY00,74.04,75.59,68.6,71.64,-4.400000000000006,683068,1609154
2024-01-01,CLY00,70.38,78.01,70.38,75.82,4.179999999999993,807028,1637886
2024-02-01,CLY00,73.89,79.2,72.27,78.27,2.450000000000003,836810,1711185
2024-03-01,CLY00,79.95,83.44,77.56,83.15,4.88000000000001,812878,1712429
2024-04-01,CLY00,83.73,86.87,81.89,81.89,-1.2600000000000051,901949,1780307
2024-05-01,CLY00,79.1,80.06,76.86,76.98,-4.909999999999997,851567,1809548
Downloaded from Barchart.com as of 06-02-2024 09:36am CDT