"Symbol: ZCY00",,,,,,,"Study: VOL (LikeMain)",
"Date Time","Symbol","Open","High","Low","Close","Change","Volume","Open Interest"
1971-02-01,ZCY00,156.5,160,155.5,157,0,13646,72173
1971-03-01,ZCY00,156.5,158,152,152,-5,15845,61893
1971-04-01,ZCY00,152.75,155,146.25,149,-3,15265,53894
1971-05-01,ZCY00,149.75,155,148.5,155,6,17052,45821
1971-06-01,ZCY00,154,163.75,151.75,153.5,-1.5,28895,51193
1971-07-01,ZCY00,155.25,156.75,136,137.5,-16,25303,48688
1971-08-01,ZCY00,135.5,135.5,121,122,-15.5,19766,44058
1971-09-01,ZCY00,120.75,122.5,112,112,-10,11129,41848
1971-10-01,ZCY00,111,112.25,106.25,106.25,-5.75,11692,43935
1971-11-01,ZCY00,104.25,114,102.5,113.5,7.25,12057,51575
1971-12-01,ZCY00,115.5,126,115.5,122.25,8.75,10834,51727
1972-01-01,ZCY00,120.75,123,120.5,122,-0.25,7589,48454
1972-02-01,ZCY00,122,122.5,120,120.25,-1.75,8828,47150
1972-03-01,ZCY00,120,124.5,120,123.5,3.25,9547,47847
1972-04-01,ZCY00,124,130.25,124,130.25,6.75,10276,50535
1972-05-01,ZCY00,130.25,130.25,127.25,128.25,-2,8635,43983
1972-06-01,ZCY00,128,128.5,120.75,121.5,-6.75,10618,39310
1972-07-01,ZCY00,125.75,130,125.5,129,7.5,15069,41319
1972-08-01,ZCY00,129,131.75,128,131.5,2.5,17047,50161
1972-09-01,ZCY00,133.75,145.25,133.75,140,8.5,28171,53538
1972-10-01,ZCY00,136,136,128.5,135,-5,15699,63122
1972-11-01,ZCY00,135,141.75,127,141.25,6.25,19792,65332
1972-12-01,ZCY00,147,165.5,147,156.25,15,37254,80415
1973-01-01,ZCY00,154,162.25,154,159.5,3.25,27241,94408
1973-02-01,ZCY00,160.5,168,153,158.5,-1,30722,96741
1973-03-01,ZCY00,160,165,156,157,-1.5,23407,87007
1973-04-01,ZCY00,159.25,172.25,159.25,172.25,15.25,23140,87320
1973-05-01,ZCY00,185,236.25,176.75,236.25,64,51124,89221
1973-06-01,ZCY00,242,260.5,222.75,222.75,-13.5,46836,80417
1973-07-01,ZCY00,231.25,291.25,220,291.25,68.5,42754,79211
1973-08-01,ZCY00,275,340,246,246,-45.25,34721,78371
1973-09-01,ZCY00,241.5,261,230.5,256.5,10.5,27089,67333
1973-10-01,ZCY00,251.5,258.5,221.625,233.5,-23,25791,67264
1973-11-01,ZCY00,233,278.5,230.5,261.75,28.25,31806,73674
1973-12-01,ZCY00,260,276.25,260,266.5,4.75,25319,67323
1974-01-01,ZCY00,269.5,302.25,269.5,302,35.5,30927,78674
1974-02-01,ZCY00,303.75,333,300.5,313.25,11.25,38557,80776
1974-03-01,ZCY00,321,321,278.75,283,-30.25,38698,80232
1974-04-01,ZCY00,270,288.25,254,281,-2,34902,74582
1974-05-01,ZCY00,276.25,279,253.5,275,-6,37017,68033
1974-06-01,ZCY00,271.5,310.25,271.5,302.25,27.25,40910,70887
1974-07-01,ZCY00,311.25,386.5,306.5,386.5,84.25,40083,70721
1974-08-01,ZCY00,376.5,387,343,352.5,-34,40243,75997
1974-09-01,ZCY00,342,396.5,332.5,396.5,44,40775,74922
1974-10-01,ZCY00,387.5,396,352.75,370,-26.5,38528,80912
1974-11-01,ZCY00,363,366,331.5,359.25,-10.75,36088,84051
1974-12-01,ZCY00,357.25,365,333.75,341.75,-17.5,32880,81044
1975-01-01,ZCY00,343.75,347.75,287.25,305.25,-36.5,38264,80800
1975-02-01,ZCY00,302.75,313,263.25,263.25,-42,34205,79907
1975-03-01,ZCY00,268.5,308.5,268.5,306.75,43.5,37035,72095
1975-04-01,ZCY00,311,311,288.5,297.5,-9.25,36355,75174
1975-05-01,ZCY00,287.75,292.5,279,285.75,-11.75,35101,74191
1975-06-01,ZCY00,285,298.5,283.25,283.25,-2.5,38956,79437
1975-07-01,ZCY00,281.5,318.75,281.5,297.5,14.25,48189,78980
1975-08-01,ZCY00,300.25,326.5,300.25,308.75,11.25,47178,84571
1975-09-01,ZCY00,302.5,320.75,291.75,294,-14.75,37675,88787
1975-10-01,ZCY00,291.25,292,254.25,256.75,-37.25,38645,98787
1975-11-01,ZCY00,252.75,275.25,251.75,268.25,11.5,38807,100902
1975-12-01,ZCY00,268.75,277,247.75,255.5,-12.75,30026,88862
1976-01-01,ZCY00,255.75,268.75,253.25,263,7.5,29039,86741
1976-02-01,ZCY00,266,273.5,266,273.5,10.5,28873,83762
1976-03-01,ZCY00,274,275,265.5,267.75,-5.75,24415,76864
1976-04-01,ZCY00,267.25,273.5,267.25,272.5,4.75,31003,80527
1976-05-01,ZCY00,275.25,296.25,275.25,292.75,20.25,41066,88241
1976-06-01,ZCY00,293.75,309.5,286.75,286.75,-6,53353,90378
1976-07-01,ZCY00,295.75,313.75,288.5,291.25,4.5,44269,91880
1976-08-01,ZCY00,287.25,292.25,278.5,279.75,-11.5,32635,95559
1976-09-01,ZCY00,284.5,297.25,258.75,258.75,-21,42348,102520
1976-10-01,ZCY00,258.75,270.5,230.75,232.25,-26.5,39854,108847
1976-11-01,ZCY00,232.75,244.25,223.25,242.75,10.5,46984,105828
1976-12-01,ZCY00,244,254,240.75,251.75,9,25655,92174
1977-01-01,ZCY00,251,262.75,251,258.5,6.75,33271,103951
1977-02-01,ZCY00,257.75,261.5,253.25,254.75,-3.75,33418,108916
1977-03-01,ZCY00,254.25,261,249.5,249.75,-5,29122,103585
1977-04-01,ZCY00,252.25,260.5,246.25,247.75,-2,40787,104446
1977-05-01,ZCY00,247.75,249,238.75,246.5,-1.25,34354,85011
1977-06-01,ZCY00,246.25,247,216.75,216.75,-29.75,44312,85988
1977-07-01,ZCY00,214,223.25,184.25,184.25,-32.5,45222,87564
1977-08-01,ZCY00,186,191.25,172.25,175.5,-8.75,33837,90792
1977-09-01,ZCY00,177,189.25,177,181,5.5,38497,99871
1977-10-01,ZCY00,183.75,206,179.25,206,25,43439,121318
1977-11-01,ZCY00,210.25,222.25,210.25,221.5,15.5,64506,139472
1977-12-01,ZCY00,220,224.5,220,220.25,-1.25,35642,136843
1978-01-01,ZCY00,219.75,224.25,217.75,222.25,2,33053,127801
1978-02-01,ZCY00,222.25,224,221.75,222.5,0.25,33658,140908
1978-03-01,ZCY00,223.75,251.25,223.75,251.25,28.75,61915,146943
1978-04-01,ZCY00,254.75,260.75,247.5,252.75,1.5,65107,144555
1978-05-01,ZCY00,250.75,270.25,249.5,264.5,11.75,57438,140448
1978-06-01,ZCY00,260.5,260.5,241.75,243,-21.5,56627,133428
1978-07-01,ZCY00,244.25,244.25,221.75,222.25,-20.75,49901,110487
1978-08-01,ZCY00,219.5,225.25,209.5,215.25,-7,45959,114139
1978-09-01,ZCY00,214,221.25,212,221.25,6,39771,114110
1978-10-01,ZCY00,224.5,234.25,219.5,231.25,10,49621,140100
1978-11-01,ZCY00,229.75,236,228.25,233.25,2,54467,147236
1978-12-01,ZCY00,234,234,227,228.75,-4.5,34309,130630
1979-01-01,ZCY00,227.75,235,225.5,234.5,5.75,31265,127928
1979-02-01,ZCY00,233.75,242.25,233.75,239.75,5.25,47603,143372
1979-03-01,ZCY00,240.5,253.5,240.5,253.5,13.75,49790,146173
1979-04-01,ZCY00,254,261.5,251.75,261.5,8,66041,162832
1979-05-01,ZCY00,263,269.75,260,269,7.5,68197,163901
1979-06-01,ZCY00,265,312.5,265,292.75,23.75,108662,181509
1979-07-01,ZCY00,293.5,311.5,272.5,279.5,-13.25,110593,185745
1979-08-01,ZCY00,286.75,288.5,275.25,288.5,9,69545,179572
1979-09-01,ZCY00,278.5,283.75,273,280.75,-7.75,66003,169613
1979-10-01,ZCY00,286.5,286.75,244,249.5,-31.25,78635,174418
1979-11-01,ZCY00,248.75,270.5,248.75,270.5,21,72333,181148
1979-12-01,ZCY00,269.25,275.75,263.75,271,0.5,53817,163432
1980-01-01,ZCY00,262.5,262.5,230.25,260.75,-10.25,59765,147567
1980-02-01,ZCY00,262.5,268,261.75,263,2.25,64493,169917
1980-03-01,ZCY00,261.75,266.5,249.25,249.25,-13.75,66539,157850
1980-04-01,ZCY00,255,268.75,255,260.75,11.5,70291,164454
1980-05-01,ZCY00,265.25,274.75,265.25,266.75,6,62190,152371
1980-06-01,ZCY00,263.75,276.75,263.75,276.5,9.75,64796,149789
1980-07-01,ZCY00,280.75,327.25,280.75,327.25,50.75,122224,173572
1980-08-01,ZCY00,331.75,351.5,325.5,351.5,24.25,139243,250558
1980-09-01,ZCY00,354,354,333,336.75,-14.75,119746,280160
1980-10-01,ZCY00,336.5,354.25,331,348.5,11.75,114947,290363
1980-11-01,ZCY00,347.25,369,332,369,20.5,143443,323467
1980-12-01,ZCY00,369,369,333.5,362,-7,114799,277357
1981-01-01,ZCY00,365.75,365.75,341,342.75,-19.25,90431,252107
1981-02-01,ZCY00,343.75,354.5,343.75,349.75,7,94632,233761
1981-03-01,ZCY00,343.25,354.5,342.25,352.75,3,91557,205733
1981-04-01,ZCY00,350.25,357.5,347,355,2.25,99470,187695
1981-05-01,ZCY00,355,355,340.5,348.75,-6.25,77348,154713
1981-06-01,ZCY00,346.5,350,323.5,325,-23.75,84239,140715
1981-07-01,ZCY00,331.5,360.25,331.5,335.5,10.5,99429,115127
1981-08-01,ZCY00,332.5,332.5,279.75,285.25,-50.25,96364,130527
1981-09-01,ZCY00,286.25,291.25,257.5,259.75,-25.5,69065,122966
1981-10-01,ZCY00,258.5,268.75,252,255.75,-4,56854,137950
1981-11-01,ZCY00,259,265.5,257.75,259,3.25,78264,144594
1981-12-01,ZCY00,264.5,265.25,242,251.5,-7.5,72746,122533
1982-01-01,ZCY00,254.5,267,254.5,266,14.5,56232,134582
1982-02-01,ZCY00,269.25,269.25,259.5,260,-6,67797,134123
1982-03-01,ZCY00,261.25,273,261.25,271.75,11.75,63379,124038
1982-04-01,ZCY00,271.25,280.25,271.25,278.5,6.75,63904,128643
1982-05-01,ZCY00,278.5,282,275,275,-3.5,55094,116561
1982-06-01,ZCY00,272.75,284,268.75,268.75,-6.25,64773,112696
1982-07-01,ZCY00,269.25,275.5,248.25,249.5,-19.25,59459,112139
1982-08-01,ZCY00,250.75,252.75,231.75,243.5,-6,64580,120004
1982-09-01,ZCY00,246.5,247.25,224.5,226,-17.5,59568,117949
1982-10-01,ZCY00,224,230.75,204,214.25,-11.75,61695,127044
1982-11-01,ZCY00,215.25,244.25,215.25,242.5,28.25,92682,138232
1982-12-01,ZCY00,244,248,239.75,242.75,0.25,51322,131411
1983-01-01,ZCY00,244.25,268.75,240.75,268.75,26,69298,143284
1983-02-01,ZCY00,271.5,286.5,269.75,272.5,3.75,91855,160106
1983-03-01,ZCY00,281,322.75,281,322.75,50.25,93138,163404
1983-04-01,ZCY00,326.25,330.75,318.5,329.25,6.5,88791,173272
1983-05-01,ZCY00,331.25,331.25,313.25,323.5,-5.75,75109,161106
1983-06-01,ZCY00,321.5,334.25,321.5,327,3.5,81882,150831
1983-07-01,ZCY00,325,350.75,321.25,350.25,23.25,112544,145468
1983-08-01,ZCY00,352.25,383.75,352.25,366.25,16,129249,198961
1983-09-01,ZCY00,360.75,374.75,351,360.75,-5.5,112060,226302
1983-10-01,ZCY00,358.75,363.75,337.5,344.75,-16,98663,229582
1983-11-01,ZCY00,346.75,358.25,337.5,345.5,0.75,107562,233447
1983-12-01,ZCY00,347,347,332,335.25,-10.25,68998,215109
1984-01-01,ZCY00,326.75,335.25,324.25,333.25,-2,67018,207433
1984-02-01,ZCY00,332.5,336.75,320.5,336.75,3.5,77324,199144
1984-03-01,ZCY00,336,364.25,336,360.25,23.5,77236,199506
1984-04-01,ZCY00,362.75,367.75,348.5,348.5,-11.75,89330,200700
1984-05-01,ZCY00,349.75,370.25,349.75,360.5,12,77434,161547
1984-06-01,ZCY00,360.5,368.25,355.25,364.25,3.75,78305,151804
1984-07-01,ZCY00,361.25,361.25,321,330.25,-34,92714,136379
1984-08-01,ZCY00,327.25,343.75,326.25,326.5,-3.75,69131,144703
1984-09-01,ZCY00,323.25,350.25,287.5,287.5,-39,69234,139645
1984-10-01,ZCY00,284.5,294,276.5,278.5,-9,50146,147476
1984-11-01,ZCY00,282.5,282.5,269.25,275.25,-3.25,65796,136655
1984-12-01,ZCY00,259.25,276.25,259.25,275.25,0,48786,125850
1985-01-01,ZCY00,276.75,281.75,276.25,280.5,5.25,44331,133406
1985-02-01,ZCY00,279.5,285.75,274,277.25,-3.25,49881,131147
1985-03-01,ZCY00,277.75,289,277.75,288.25,11,52305,118459
1985-04-01,ZCY00,290.5,291.75,286,288.25,0,49678,126016
1985-05-01,ZCY00,287.75,288.75,280,281.5,-6.75,44479,105014
1985-06-01,ZCY00,282.25,289,276,276,-5.5,49883,102616
1985-07-01,ZCY00,274.5,285,260,260,-16,58751,109873
1985-08-01,ZCY00,260,266.75,254.75,261.75,1.75,49881,125583
1985-09-01,ZCY00,267.25,270,236.75,240.75,-21,52588,127951
1985-10-01,ZCY00,245.5,248.75,221.75,234.75,-6,45185,127419
1985-11-01,ZCY00,235.5,253.5,234.5,250.75,16,70900,143213
1985-12-01,ZCY00,252.75,254.25,248,254.25,3.5,42816,131361
1986-01-01,ZCY00,253.5,254.5,247,252,-2.25,49616,120670
1986-02-01,ZCY00,252,253.25,236,236,-16,45334,112549
1986-03-01,ZCY00,237.5,252,236.25,251.75,15.75,41967,103823
1986-04-01,ZCY00,251.75,251.75,244.75,251.75,0,51562,114533
1986-05-01,ZCY00,245.75,264.25,245.75,263,11.25,57696,109794
1986-06-01,ZCY00,265,265,233.25,233.25,-29.75,45330,117206
1986-07-01,ZCY00,219.75,221.5,195.25,195.25,-38,47367,114815
1986-08-01,ZCY00,194.5,194.5,155.25,155.25,-40,42227,121543
1986-09-01,ZCY00,153,163,143.75,160.75,5.5,47356,124340
1986-10-01,ZCY00,161,162.5,143,161.25,0.5,53968,142422
1986-11-01,ZCY00,163.25,174.75,163.25,174.75,13.5,54542,154631
1986-12-01,ZCY00,175.25,175.75,160,160,-14.75,46449,118302
1987-01-01,ZCY00,157.25,164,151,158.5,-1.5,44628,130655
1987-02-01,ZCY00,160.25,160.25,141.25,151.25,-7.25,61074,141719
1987-03-01,ZCY00,154,168.5,151.25,162.5,11.25,57960,138420
1987-04-01,ZCY00,161.5,183.75,155.75,183.75,21.25,69444,141297
1987-05-01,ZCY00,173.75,198.5,173.75,189.75,6,71574,130141
1987-06-01,ZCY00,187.25,199.75,178.25,180.5,-9.25,72440,126558
1987-07-01,ZCY00,174.5,180.25,165.25,168,-12.5,54147,113786
1987-08-01,ZCY00,164.25,164.25,153.5,158.5,-9.5,47586,118286
1987-09-01,ZCY00,157.75,169.25,157.25,167.75,9.25,51800,118711
1987-10-01,ZCY00,172.25,180,163.5,177.5,9.75,61466,137861
1987-11-01,ZCY00,176.75,197.75,174.5,197.5,20,60461,138161
1987-12-01,ZCY00,196.25,196.25,183.25,183.25,-14.25,42307,126356
1988-01-01,ZCY00,192.5,203.5,189.5,197.75,14.5,60790,145703
1988-02-01,ZCY00,198.75,205.25,198.75,202.75,5,66679,151801
1988-03-01,ZCY00,206.25,210.25,200.75,207.25,4.5,55861,157447
1988-04-01,ZCY00,205.25,207.75,202.75,207.75,0.5,69562,162650
1988-05-01,ZCY00,209.5,220.25,201.25,220.25,12.5,80666,165394
1988-06-01,ZCY00,216.75,327.5,216.75,302.75,82.5,143605,214462
1988-07-01,ZCY00,312.75,321.25,247,259,-43.75,136367,245871
1988-08-01,ZCY00,280,293,268.75,277.5,18.5,93083,234992
1988-09-01,ZCY00,283,286.5,268.75,277.25,-0.25,83857,232952
1988-10-01,ZCY00,281.5,292,267.75,273.25,-4,88784,247369
1988-11-01,ZCY00,275.75,278.5,253.25,261.5,-11.75,106614,242341
1988-12-01,ZCY00,258.5,278.25,256.5,277.5,16,67608,222419
1989-01-01,ZCY00,274.75,285.5,264.75,274.75,-2.75,79430,216220
1989-02-01,ZCY00,273.5,279.25,267.5,279,4.25,71234,198811
1989-03-01,ZCY00,279,284.75,266.5,270,-9,69411,192640
1989-04-01,ZCY00,261.5,282.25,261.5,277,7,82755,183544
1989-05-01,ZCY00,281.25,285.5,272.25,272.25,-4.75,71453,163887
1989-06-01,ZCY00,271.5,279.25,260,271.5,-0.75,81546,156781
1989-07-01,ZCY00,277.25,285.25,236,236,-35.5,86465,143806
1989-08-01,ZCY00,234.5,248.25,228.25,246.25,10.25,59700,145405
1989-09-01,ZCY00,243.75,250.25,230.75,231.5,-14.75,56542,141379
1989-10-01,ZCY00,239,248,233.5,241,9.5,85486,171513
1989-11-01,ZCY00,242.5,246.75,241,243.25,2.25,82896,194250
1989-12-01,ZCY00,240.5,245,233.5,237.25,-6,55953,167943
1990-01-01,ZCY00,235.75,245,235.75,241.75,4.5,59051,178094
1990-02-01,ZCY00,241,253.75,240.25,253.75,12,84022,202844
1990-03-01,ZCY00,255.75,264.25,250.25,264.25,10.5,84046,229945
1990-04-01,ZCY00,266.5,286.25,266.5,284.25,20,113038,252155
1990-05-01,ZCY00,286.75,293.75,277.25,280.5,-3.75,129918,250020
1990-06-01,ZCY00,279.25,297.25,277.75,297.25,16.75,128903,242462
1990-07-01,ZCY00,295.75,295.75,274.75,274.75,-22.5,104936,212748
1990-08-01,ZCY00,270.5,276,260.25,276,1.25,78975,207951
1990-09-01,ZCY00,271.75,278.25,227.75,232,-44,63739,206603
1990-10-01,ZCY00,228,241.5,228,232.25,0.25,67257,211222
1990-11-01,ZCY00,232.75,239.25,214.5,239.25,7,103309,219863
1990-12-01,ZCY00,239.75,241.5,236.75,237.75,-1.5,57991,203880
1991-01-01,ZCY00,235.75,251.25,235.75,250.25,12.5,77889,210006
1991-02-01,ZCY00,250,253,245,253,2.75,73354,219235
1991-03-01,ZCY00,244,263.25,244,260.25,7.25,93264,229009
1991-04-01,ZCY00,263.75,268.25,257.25,260.5,0.25,94632,229464
1991-05-01,ZCY00,259,262,253,253,-7.5,76859,204828
1991-06-01,ZCY00,260.25,260.25,236.5,236.5,-16.5,101285,202100
1991-07-01,ZCY00,241.75,261.5,230,261.5,25,113971,198527
1991-08-01,ZCY00,266,266,245,260.75,-0.75,99753,219700
1991-09-01,ZCY00,260.25,262.75,241,252.25,-8.5,69236,215526
1991-10-01,ZCY00,257.75,260.25,244,256,3.75,76873,242466
1991-11-01,ZCY00,259.25,259.25,247.75,249,-7,90772,257065
1991-12-01,ZCY00,251.5,258,249.5,256.5,7.5,60212,228347
1992-01-01,ZCY00,255.5,269.75,253,269.75,13.25,81934,254195
1992-02-01,ZCY00,272.25,276,254.5,276,6.25,105538,294956
1992-03-01,ZCY00,278.5,282.75,271.25,271.25,-4.75,86572,285428
1992-04-01,ZCY00,267,269,259,259,-12.25,82734,235714
1992-05-01,ZCY00,261.75,273.25,258.75,266,7,93816,230358
1992-06-01,ZCY00,266.75,272,256,259.75,-6.25,92290,232188
1992-07-01,ZCY00,264.25,264.25,230.75,230.75,-29,78694,211221
1992-08-01,ZCY00,230,239.75,222.75,230.75,0,75720,219796
1992-09-01,ZCY00,233.5,239.5,226,228.25,-2.5,65587,208612
1992-10-01,ZCY00,229.25,229.25,208,213.75,-14.5,62587,239887
1992-11-01,ZCY00,215.75,226.75,213,222,8.25,99623,262344
1992-12-01,ZCY00,220.25,223.25,218.75,219,-3,58575,244802
1993-01-01,ZCY00,212.75,219.75,212.75,214.5,-4.5,51751,256112
1993-02-01,ZCY00,213.5,223.75,210,223.75,9.25,66985,260985
1993-03-01,ZCY00,226.5,230.5,213,227.25,3.5,67309,248638
1993-04-01,ZCY00,227,242.75,227,239,11.75,85212,249999
1993-05-01,ZCY00,240.25,240.25,232,232,-7,68802,229015
1993-06-01,ZCY00,228,235.5,220,232.5,0.5,95215,232589
1993-07-01,ZCY00,239.75,253.25,236.25,239.75,7.25,132382,265672
1993-08-01,ZCY00,245,247,227.75,227.75,-12,92195,264937
1993-09-01,ZCY00,223.5,247,223.5,242.75,15,85338,243892
1993-10-01,ZCY00,240.75,261.75,234.5,261.75,19,98672,275792
1993-11-01,ZCY00,264.75,298.75,251.75,294.5,32.75,149945,332445
1993-12-01,ZCY00,294.5,311,294.5,311,16.5,94112,327225
1994-01-01,ZCY00,311.75,311.75,294.5,297.25,-13.75,119176,346076
1994-02-01,ZCY00,297.5,307.25,295.5,303.75,6.5,109005,336342
1994-03-01,ZCY00,303.75,303.75,285.75,285.75,-18,91791,327539
1994-04-01,ZCY00,283,288.75,272,282,-3.75,110886,290435
1994-05-01,ZCY00,281.75,290.75,267,290.75,8.75,103789,262620
1994-06-01,ZCY00,293,293,249.5,255.5,-35.25,132270,246308
1994-07-01,ZCY00,250,250,224,230.75,-24.75,74761,215081
1994-08-01,ZCY00,229.75,236.25,218.75,234.25,3.5,52330,208990
1994-09-01,ZCY00,234.25,240.25,226.25,226.25,-8,58576,212983
1994-10-01,ZCY00,224,224.25,204.75,210.75,-15.5,66966,243677
1994-11-01,ZCY00,209.75,222.5,209.75,222.5,11.75,97660,262849
1994-12-01,ZCY00,226.25,238.25,226.25,236,13.5,82029,250645
1995-01-01,ZCY00,233.5,242.5,233.5,235.5,-0.5,74974,292090
1995-02-01,ZCY00,237,246,237,246,10.5,87621,311372
1995-03-01,ZCY00,246.5,253.5,244.5,253.5,7.5,84566,336414
1995-04-01,ZCY00,256.75,259,249.75,258.25,4.75,101041,337492
1995-05-01,ZCY00,262,266,257.75,264.5,6.25,111705,368615
1995-06-01,ZCY00,266.25,288.5,264.5,277,12.5,159155,428694
1995-07-01,ZCY00,282.25,299.5,279,283.75,6.75,129871,413831
1995-08-01,ZCY00,287.75,293.75,271.25,293.75,10,111153,400373
1995-09-01,ZCY00,294.25,303.75,285.75,303.75,10,121951,439130
1995-10-01,ZCY00,308.75,340.25,308.75,340.25,36.5,144090,473425
1995-11-01,ZCY00,344.5,344.75,322.75,333.75,-6.5,165375,491057
1995-12-01,ZCY00,337.5,369.25,332.5,369.25,35.5,135186,487914
1996-01-01,ZCY00,373.25,374,351.25,373,3.75,181108,500837
1996-02-01,ZCY00,370.5,397.25,362.25,397.25,24.25,181966,508496
1996-03-01,ZCY00,394.75,422,388,422,24.75,180548,469907
1996-04-01,ZCY00,426.5,500,422.25,468,46,252873,453739
1996-05-01,ZCY00,484.25,522.5,471,497.25,29.25,189563,403128
1996-06-01,ZCY00,485.25,502.5,457,492.75,-4.5,154508,350066
1996-07-01,ZCY00,515.75,558.5,425.75,449.25,-43.5,139257,290327
1996-08-01,ZCY00,443,502.75,395.5,395.5,-53.75,104577,298967
1996-09-01,ZCY00,381.5,415,316.75,316.75,-78.75,118344,302161
1996-10-01,ZCY00,317,325.75,273.5,273.5,-43.25,124273,326420
1996-11-01,ZCY00,270.5,283.75,267,279.75,6.25,151474,332810
1996-12-01,ZCY00,275.75,277,266.5,268.25,-11.5,102150,306189
1997-01-01,ZCY00,266.5,282,258.25,275.25,7,103874,305855
1997-02-01,ZCY00,275.5,301.75,269,301.75,26.5,156102,347392
1997-03-01,ZCY00,306.75,313.25,294.5,310,8.25,168901,382465
1997-04-01,ZCY00,313,313,294.875,300.75,-9.25,163653,352060
1997-05-01,ZCY00,304.25,304.25,273.75,282.25,-18.5,122516,290382
1997-06-01,ZCY00,285.5,289,251.25,252,-30.25,128741,274842
1997-07-01,ZCY00,247,274.5,245.25,274.5,22.5,138882,267370
1997-08-01,ZCY00,277.5,286.75,258.25,279.75,5.25,126723,281391
1997-09-01,ZCY00,288.75,288.75,267.75,267.75,-12,97350,307470
1997-10-01,ZCY00,266.25,308.25,266.25,283.25,15.5,147181,376963
1997-11-01,ZCY00,290.25,290.25,278.25,279.5,-3.75,150986,379045
1997-12-01,ZCY00,280,281.5,263,269,-10.5,117592,329558
1998-01-01,ZCY00,266.75,284,260.75,277,8,123917,327680
1998-02-01,ZCY00,281,281,268.25,270.25,-6.75,135739,342805
1998-03-01,ZCY00,275.25,287.75,259,259,-11.25,130352,358221
1998-04-01,ZCY00,257.5,259,248.25,254.25,-4.75,153123,366929
1998-05-01,ZCY00,254,265,245,245.25,-9,114356,337752
1998-06-01,ZCY00,244.75,264.5,236.75,248.25,3,160153,327245
1998-07-01,ZCY00,241.75,246,215.5,215.5,-32.75,128655,296805
1998-08-01,ZCY00,208.5,209.5,182.25,182.25,-33.25,116791,317655
1998-09-01,ZCY00,182.25,210.5,182.25,199,16.75,105620,321858
1998-10-01,ZCY00,198.75,218,198.75,211,12,119938,332336
1998-11-01,ZCY00,209.75,227,209.75,227,16,120903,342875
1998-12-01,ZCY00,225.5,225.5,212.75,213.25,-13.75,92508,321924
1999-01-01,ZCY00,220.75,229.75,216.75,217.5,4.25,105877,357473
1999-02-01,ZCY00,220.75,224.25,207.25,207.25,-10.25,146076,363083
1999-03-01,ZCY00,211.75,229,211.75,221,13.75,125229,357126
1999-04-01,ZCY00,217.5,230.5,209.75,214.25,-6.75,140170,343478
1999-05-01,ZCY00,221,224.75,212.5,217.5,3.25,97510,338516
1999-06-01,ZCY00,214.25,221.25,208,208.25,-9.25,145218,323660
1999-07-01,ZCY00,200.25,200.25,173.75,183.25,-25,162661,329463
1999-08-01,ZCY00,195.25,212.25,193.5,203.25,20,151797,315858
1999-09-01,ZCY00,205,209.25,191.75,194.25,-9,107801,316247
1999-10-01,ZCY00,191.25,193.75,186.75,190.5,-3.75,104401,410955
1999-11-01,ZCY00,189.25,199.25,188.25,195,4.5,142938,461036
1999-12-01,ZCY00,198.75,204.75,192.75,204.5,9.5,81487,389187
2000-01-01,ZCY00,200.75,219.5,200.75,212,7.5,150215,445998
2000-02-01,ZCY00,214,219.5,210,215,3,158093,478891
2000-03-01,ZCY00,215,231.75,215,229,14,148966,482079
2000-04-01,ZCY00,227.25,228.5,218.25,225,-4,145923,487757
2000-05-01,ZCY00,240,243.75,220.25,221,-4,162700,476890
2000-06-01,ZCY00,223.5,227,180.75,180.75,-40.25,166429,445018
2000-07-01,ZCY00,175.75,178,167.25,167.25,-13.5,117827,391966
2000-08-01,ZCY00,166.75,176.25,161.75,176.25,9,107325,388982
2000-09-01,ZCY00,174.25,182.75,166.25,182.75,6.5,106771,356619
2000-10-01,ZCY00,184.75,201.25,184.75,200.5,17.75,114200,397965
2000-11-01,ZCY00,203,216.5,203,216.5,16,153520,454908
2000-12-01,ZCY00,214.5,224.75,211,222.25,5.75,98697,414850
2001-01-01,ZCY00,224.25,225,199.5,204,-18.25,132999,454326
2001-02-01,ZCY00,207,214.5,207,214.5,10.5,125971,469026
2001-03-01,ZCY00,217.5,218.25,198.75,205.25,-9.25,121032,440547
2001-04-01,ZCY00,210.25,214.25,196.25,204.5,-0.75,151759,455718
2001-05-01,ZCY00,204.5,207,189.25,192.75,-11.75,106677,424385
2001-06-01,ZCY00,200.75,200.75,183.5,188.25,-4.5,139384,424410
2001-07-01,ZCY00,190.75,227.25,190.75,216.75,28.5,192836,389896
2001-08-01,ZCY00,213.25,222.75,208.5,222.25,5.5,134408,387706
2001-09-01,ZCY00,221.25,226.75,204.5,204.5,-17.75,125061,370179
2001-10-01,ZCY00,200.5,207.75,196,202.5,-2,106261,419446
2001-11-01,ZCY00,201,209.5,196.75,209.5,7,165820,462930
2001-12-01,ZCY00,210,215.25,203.75,205,-4.5,89137,395763
2002-01-01,ZCY00,205.5,212.25,205.5,211,6,94890,459314
2002-02-01,ZCY00,209.5,211,196.75,202.5,-8.5,152587,464368
2002-03-01,ZCY00,204.5,213.5,202.5,202.5,0,94472,431923
2002-04-01,ZCY00,206.5,206.75,200.25,200.5,-2,136180,430712
2002-05-01,ZCY00,203,217.25,200.5,217,16.5,130162,411346
2002-06-01,ZCY00,212.5,231,209.25,230,13,184779,430585
2002-07-01,ZCY00,235.5,250.25,218.5,249.25,19.25,177777,458080
2002-08-01,ZCY00,253.25,278,251.25,264.5,15.25,196249,509069
2002-09-01,ZCY00,271.25,292.5,253.5,253.5,-11,163516,501523
2002-10-01,ZCY00,259.75,266,251.5,256.5,3,133455,485980
2002-11-01,ZCY00,254.5,254.5,239.25,250.25,-6.25,183388,498569
2002-12-01,ZCY00,242.25,245.75,237.75,240.75,-9.5,83471,428586
2003-01-01,ZCY00,242,251.25,235.5,246.75,6,114662,455967
2003-02-01,ZCY00,245.25,248.5,240.75,242.25,-4.5,164119,469611
2003-03-01,ZCY00,244.5,249.75,239.75,249.5,7.25,110180,445342
2003-04-01,ZCY00,252.5,256.25,245.25,245.25,-4.25,155534,411983
2003-05-01,ZCY00,245.5,265.75,245.5,254.25,9,157810,406986
2003-06-01,ZCY00,251.5,257,238.5,238.5,-15.75,185830,385774
2003-07-01,ZCY00,239.25,239.25,220.5,221,-17.5,136300,384561
2003-08-01,ZCY00,220.75,244.75,220.75,244.75,23.75,174338,383590
2003-09-01,ZCY00,242,250,223.25,223.25,-21.5,132348,356181
2003-10-01,ZCY00,224.25,249.25,219.75,248.25,25,178928,420680
2003-11-01,ZCY00,243,246.5,231.25,246.5,-1.75,191143,470164
2003-12-01,ZCY00,254.25,257.75,237.75,249,2.5,121933,448024
2004-01-01,ZCY00,256.25,277.25,253,277.25,28.25,189342,543984
2004-02-01,ZCY00,272.25,300,272.25,300,22.75,231989,641379
2004-03-01,ZCY00,299.75,318.5,289.5,316,16,180032,678041
2004-04-01,ZCY00,323.75,331.5,309.25,324.5,8.5,256257,704867
2004-05-01,ZCY00,327,327,296.25,310,-14.5,174989,637417
2004-06-01,ZCY00,330,330,267.5,267.5,-42.5,208971,621898
2004-07-01,ZCY00,268,268,224.25,224.25,-43.25,157439,566464
2004-08-01,ZCY00,225.25,250.25,225.25,241.75,17.5,159548,562171
2004-09-01,ZCY00,246.75,246.75,206.5,206.5,-35.25,128393,548816
2004-10-01,ZCY00,207,212.25,196.5,196.5,-10,129205,606307
2004-11-01,ZCY00,194,208,189.5,200.75,4.25,218130,639531
2004-12-01,ZCY00,201.75,207.25,201.25,202.75,2,96738,588860
2005-01-01,ZCY00,202.75,211.75,200.75,202,-0.75,134195,629285
2005-02-01,ZCY00,203.5,218,199,218,16,266807,654065
2005-03-01,ZCY00,215.75,223.5,207.5,217,-1,196074,659684
2005-04-01,ZCY00,216.75,221.75,209.75,213.25,-3.75,232343,673817
2005-05-01,ZCY00,209.5,219,205.5,219,5.75,208379,675753
2005-06-01,ZCY00,221.5,234.75,212,216.25,-2.75,313280,701397
2005-07-01,ZCY00,219.5,256,219.5,226.5,10.25,262599,713076
2005-08-01,ZCY00,221.75,223,196.5,196.5,-30,260310,733577
2005-09-01,ZCY00,205.25,205.25,191.75,196.5,0,154077,714196
2005-10-01,ZCY00,203.75,203.75,179,182.25,-14.25,143261,794427
2005-11-01,ZCY00,183.75,195.5,183.75,193.5,11.25,275442,852450
2005-12-01,ZCY00,195.75,206.25,195.75,205.75,12.25,166546,774186
2006-01-01,ZCY00,212,214.75,199,211.75,6,249458,875314
2006-02-01,ZCY00,209.5,218,203,218,6.25,378851,1048796
2006-03-01,ZCY00,213.75,220,202.25,220,2,264228,1065996
2006-04-01,ZCY00,220.5,238.25,220.5,238.25,18.25,369210,1175984
2006-05-01,ZCY00,232,250,226,235.25,-3,342854,1288155
2006-06-01,ZCY00,238.5,243.5,222.75,235.5,0.25,426669,1327826
2006-07-01,ZCY00,243.25,260.25,222.25,224,-11.5,374288,1360185
2006-08-01,ZCY00,225.5,229.25,206.75,226,2,367556,1347166
2006-09-01,ZCY00,230,259.25,221.75,257.5,31.5,375950,1302120
2006-10-01,ZCY00,254.75,327.5,251,315.75,58.25,481839,1312589
2006-11-01,ZCY00,328.5,373,328.5,373,57.25,615741,1405850
2006-12-01,ZCY00,375,380.25,349,380.25,7.25,281858,1381477
2007-01-01,ZCY00,360.5,398,351.5,391,10.75,516168,1448164
2007-02-01,ZCY00,385,421.5,379.25,419.25,28.25,538067,1498762
2007-03-01,ZCY00,422,422,368.5,368.5,-50.75,450739,1427326
2007-04-01,ZCY00,348.75,374.25,340.25,367.5,-1,609477,1345917
2007-05-01,ZCY00,377.5,403.25,359.5,403.25,35.75,410807,1257614
2007-06-01,ZCY00,399.75,424,333.5,333.5,-69.75,580088,1244073
2007-07-01,ZCY00,330.75,346.75,302,330.75,-2.75,384229,1213426
2007-08-01,ZCY00,326,353.5,321.5,322,-8.75,377751,1132763
2007-09-01,ZCY00,333.25,376.5,319.25,360,38,329109,1108525
2007-10-01,ZCY00,355.75,367,330.25,366.5,6.5,287520,1161738
2007-11-01,ZCY00,356.75,397.5,356.75,397.5,31,439577,1202581
2007-12-01,ZCY00,397.5,449.75,397.5,448.5,51,314058,1211532
2008-01-01,ZCY00,455.5,508,455.5,497.25,48.75,434815,1383194
2008-02-01,ZCY00,496.5,539,479.75,539,41.75,385755,1463060
2008-03-01,ZCY00,540.5,562.25,498.5,562.25,23.25,217499,1421808
2008-04-01,ZCY00,579,603,573.25,597.25,35,295504,1445321
2008-05-01,ZCY00,600.25,613.25,570.25,587.25,-10,232172,1409220
2008-06-01,ZCY00,603.75,732.75,596,702.75,115.5,361609,1396079
2008-07-01,ZCY00,697.25,726,554.5,577.5,-125.25,245516,1279900
2008-08-01,ZCY00,555,592.75,483.25,563.25,-14.25,237576,1170429
2008-09-01,ZCY00,547.25,553.25,468.5,468.5,-94.75,187291,1050866
2008-10-01,ZCY00,465,465,363.75,381.5,-87,198802,995529
2008-11-01,ZCY00,388,398,323.5,348,-33.5,234134,967578
2008-12-01,ZCY00,326.75,388,287.25,388,40,148417,820461
2009-01-01,ZCY00,396.25,412.5,350.5,375,-13,150923,806740
2009-02-01,ZCY00,366.5,373.5,354.25,360.75,-14.25,236161,801071
2009-03-01,ZCY00,353.25,408.75,353.25,408.75,48,167409,767804
2009-04-01,ZCY00,400,409.5,377.5,405.25,-3.5,217504,823297
2009-05-01,ZCY00,413.75,437.25,405.25,437.25,32,206912,860550
2009-06-01,ZCY00,445.75,449.5,361.75,361.75,-75.5,256219,971913
2009-07-01,ZCY00,367.5,367.5,327,361.5,-0.25,216593,895528
2009-08-01,ZCY00,376,376,332.25,353.25,-8.25,211513,862888
2009-09-01,ZCY00,344.25,350,316,350,-3.25,150148,850056
2009-10-01,ZCY00,346.5,401.75,339.5,369,19,198819,923912
2009-11-01,ZCY00,385.25,400.25,371,396.75,27.75,275455,1002904
2009-12-01,ZCY00,393.5,394,353.5,386.5,-10.25,142376,969151
2010-01-01,ZCY00,395.5,404.5,356.25,356.5,-30,211890,1105430
2010-02-01,ZCY00,359,382,351.5,382,25.5,274603,1149609
2010-03-01,ZCY00,374.75,379.75,344,344,-38,171041,1124217
2010-04-01,ZCY00,343.5,371.25,343.5,371.25,27.25,307854,1169647
2010-05-01,ZCY00,367.5,376.25,356,362,-9.25,212002,1196160
2010-06-01,ZCY00,357,362.75,327,356.25,-5.75,282171,1204535
2010-07-01,ZCY00,367.25,384.75,352.75,382.75,26.5,231492,1161254
2010-08-01,ZCY00,376.5,415.5,375.5,414.5,31.75,313619,1324491
2010-09-01,ZCY00,422.75,494.75,422.75,465.75,51.25,334770,1405800
2010-10-01,ZCY00,435.75,572,435.75,572,106.25,357195,1509832
2010-11-01,ZCY00,567.25,580,508.25,528,-44,437126,1629638
2010-12-01,ZCY00,550.25,610,539.5,604,76,194344,1511491
2011-01-01,ZCY00,610.5,647.5,583,634.5,30.5,299049,1595630
2011-02-01,ZCY00,651,713.5,651,713.5,79,393319,1697694
2011-03-01,ZCY00,717.5,718.75,598.5,681.25,-32.25,328337,1598867
2011-04-01,ZCY00,724,762,709,740,58.75,435756,1617608
2011-05-01,ZCY00,726.5,768.5,671.25,756.5,16.5,269373,1439981
2011-06-01,ZCY00,767.5,792,641,641,-115.5,392706,1406281
2011-07-01,ZCY00,636.75,743,636.75,686.5,45.5,255926,1196714
2011-08-01,ZCY00,711.25,763.5,705.25,747.5,61,297171,1244418
2011-09-01,ZCY00,728.5,750,582.5,582.5,-165,256342,1214897
2011-10-01,ZCY00,607.5,665,592.75,657,74.5,265153,1219997
2011-11-01,ZCY00,664.25,670.5,592,615,-42,381113,1268492
2011-12-01,ZCY00,608.5,652.5,589,651.5,36.5,193079,1156511
2012-01-01,ZCY00,668.5,668.5,601.5,649,-2.5,309741,1209549
2012-02-01,ZCY00,652,670.5,641.75,670.5,21.5,369432,1289859
2012-03-01,ZCY00,667,690,627,667,-3.5,297121,1312289
2012-04-01,ZCY00,678,678.25,622.75,669.25,2.25,370889,1330429
2012-05-01,ZCY00,669,678,601.25,601.25,-68,280098,1212906
2012-06-01,ZCY00,597.5,694.5,597.5,688.5,87.25,382235,1124988
2012-07-01,ZCY00,692.25,864.5,692.25,836.5,148,324961,1137998
2012-08-01,ZCY00,830.5,862.25,804.75,842.75,6.25,261001,1211559
2012-09-01,ZCY00,833,833,727.25,767.25,-75.5,219175,1175551
2012-10-01,ZCY00,769.25,793.25,756.75,773.75,6.5,204415,1247766
2012-11-01,ZCY00,766.5,772.25,733,758,-15.75,305085,1282050
2012-12-01,ZCY00,759.75,765.75,705.5,709.75,-48.25,167631,1168364
2013-01-01,ZCY00,708.75,758.5,701.25,758.5,48.75,245302,1187860
2013-02-01,ZCY00,754,754.25,718.25,739.5,-19,334085,1275280
2013-03-01,ZCY00,744.5,764,721.25,722.25,-17.25,246416,1264766
2013-04-01,ZCY00,666.25,705.75,652,695,-27.25,322266,1270771
2013-05-01,ZCY00,699.75,724.5,689.5,722,27,224401,1160763
2013-06-01,ZCY00,715.75,746.25,672.25,672.25,-49.75,290238,1197245
2013-07-01,ZCY00,668,703.25,571.75,586.5,-85.75,219279,1135722
2013-08-01,ZCY00,602.5,684.25,585.25,662,75.5,278552,1166192
2013-09-01,ZCY00,605.25,605.25,450.5,450.5,-211.5,171772,1114586
2013-10-01,ZCY00,450.5,451.375,424.75,424.75,-25.75,213891,1252219
2013-11-01,ZCY00,423.75,437.75,417,424.25,-0.5,384761,1335024
2013-12-01,ZCY00,430.75,437.75,418.5,418.5,-5.75,144700,1193801
2014-01-01,ZCY00,421,437.5,409.5,437.5,19,275753,1284531
2014-02-01,ZCY00,437.5,461,437.5,461,23.5,400761,1343431
2014-03-01,ZCY00,464.5,500,464.5,500,39,274853,1318835
2014-04-01,ZCY00,508.5,516.75,489.5,515.5,15.5,333150,1395064
2014-05-01,ZCY00,504.5,519,471.25,471.25,-44.25,219671,1338877
2014-06-01,ZCY00,471,471,429.25,429.25,-42,317991,1370705
2014-07-01,ZCY00,426.5,426.5,365.25,377.5,-51.75,224442,1332352
2014-08-01,ZCY00,368,390.75,364.75,387,9.5,275302,1316585
2014-09-01,ZCY00,392.25,392.25,328.75,328.75,-58.25,180194,1254769
2014-10-01,ZCY00,324.75,373.5,324.75,373.25,44.5,255452,1289432
2014-11-01,ZCY00,364,379.25,354,372.5,-0.75,391564,1300775
2014-12-01,ZCY00,373.75,404.75,369.25,387,14.5,188709,1216522
2015-01-01,ZCY00,387.75,400.5,371,371,-16,273450,1291353
2015-02-01,ZCY00,371.75,394.25,371.75,387.75,16.75,358470,1332391
2015-03-01,ZCY00,386,396.5,371.5,377.75,-10,277761,1296847
2015-04-01,ZCY00,383.25,388.5,367.75,369.5,-8.25,374295,1360886
2015-05-01,ZCY00,369.5,377,353,355,-14.5,297868,1370561
2015-06-01,ZCY00,357.25,415.5,351.75,415.5,60.5,490701,1428664
2015-07-01,ZCY00,415,433.75,372.75,376,-39.5,388749,1350724
2015-08-01,ZCY00,374,396.25,363.25,371.75,-4.25,373137,1346004
2015-09-01,ZCY00,376,404,369,391.25,19.5,232361,1253126
2015-10-01,ZCY00,392.25,402.25,375,393.75,2.5,259484,1309600
2015-11-01,ZCY00,388,393.5,370.5,374.75,-19,436826,1365937
2015-12-01,ZCY00,384.25,387,371.25,371.25,-3.5,198840,1291423
2016-01-01,ZCY00,365,381.75,362.75,380,8.75,309371,1374693
2016-02-01,ZCY00,378.75,380,360.5,360.5,-19.5,392924,1373052
2016-03-01,ZCY00,359.75,379,357,357,-3.5,275487,1349820
2016-04-01,ZCY00,362.5,397.75,362,391.25,34.25,548116,1432128
2016-05-01,ZCY00,392.25,412.25,369.5,404.25,13,328998,1364175
2016-06-01,ZCY00,416.75,436.25,363.25,363.25,-41,514636,1438508
2016-07-01,ZCY00,361,365,339.25,342.5,-20.75,312928,1297819
2016-08-01,ZCY00,339.25,347.75,311,313,-29.5,334979,1353466
2016-09-01,ZCY00,316.25,331.5,315.5,324.75,11.75,214190,1303882
2016-10-01,ZCY00,334.5,348.5,328,345.75,21,253398,1322296
2016-11-01,ZCY00,341.5,346.75,327.25,327.25,-18.5,396176,1345251
2016-12-01,ZCY00,332,356,332,350,22.75,189662,1227349
2017-01-01,ZCY00,355.25,374.75,355.25,362.25,12.25,295561,1306700
2017-02-01,ZCY00,369.75,378.25,357.75,364.75,2.5,441013,1431055
2017-03-01,ZCY00,375,375,352.75,362.75,-2,260923,1403824
2017-04-01,ZCY00,367.75,370,356,359.5,-3.25,460582,1443258
2017-05-01,ZCY00,374.5,375.5,361,372,12.5,280343,1364335
2017-06-01,ZCY00,371.5,386,356.75,371.5,-0.5,536576,1406109
2017-07-01,ZCY00,381,388.5,353.75,358.25,-13.25,425799,1377271
2017-08-01,ZCY00,350,354.75,311,323.75,-34.5,404124,1412712
2017-09-01,ZCY00,327.75,340,327.5,332.75,9,230315,1378617
2017-10-01,ZCY00,331.5,336.25,327.75,327.75,-5,267210,1496833
2017-11-01,ZCY00,330.25,332.5,315,327.75,0,508848,1641611
2017-12-01,ZCY00,339.25,345.25,332.5,342.25,14.5,193953,1522767
2018-01-01,ZCY00,343.25,358,338.25,358,15.75,306778,1623554
2018-02-01,ZCY00,361.25,375.5,358.25,375.5,17.5,569410,1670558
2018-03-01,ZCY00,380.75,386.5,370,385.25,9.75,416874,1821661
2018-04-01,ZCY00,385.75,392,374,392,6.75,488087,1837206
2018-05-01,ZCY00,397.25,403.5,387.75,389,-3,371094,1852328
2018-06-01,ZCY00,387.5,387.5,342,347.25,-41.75,546942,1949980
2018-07-01,ZCY00,341,369.75,334.5,369.75,22.5,314904,1850772
2018-08-01,ZCY00,362.5,365.5,337.5,347.5,-22.25,375520,1729741
2018-09-01,ZCY00,356.75,356.75,329.75,338.25,-9.25,293927,1693319
2018-10-01,ZCY00,350.75,358.25,340.75,343.75,5.5,286356,1659374
2018-11-01,ZCY00,347.75,364,347.75,364,20.25,461454,1702911
2018-12-01,ZCY00,370.5,378,362.75,366.5,2.5,216364,1574606
2019-01-01,ZCY00,367.25,374.5,362.25,368.5,2,286125,1646093
2019-02-01,ZCY00,372.25,373.75,358.75,360.5,-8,540565,1720180
2019-03-01,ZCY00,365,376.75,353.5,353.5,-7,378328,1769289
2019-04-01,ZCY00,358.25,365.25,346.25,354.25,0.75,492763,1774288
2019-05-01,ZCY00,365,435.75,349.25,424.5,70.25,625699,1690452
2019-06-01,ZCY00,421.75,464.75,413.25,435.25,10.75,659753,1798026
2019-07-01,ZCY00,441.5,482.75,427.75,427.75,-7.5,365507,1781556
2019-08-01,ZCY00,422.75,433.5,381,382,-45.75,468972,1732247
2019-09-01,ZCY00,373.75,418,367.25,418,36,266098,1612572
2019-10-01,ZCY00,420,421.25,405.75,414,-4,265369,1597325
2019-11-01,ZCY00,414.25,414.25,382.25,382.25,-31.75,415134,1588956
2019-12-01,ZCY00,394,397.5,378.75,393.75,11.5,179728,1471014
2020-01-01,ZCY00,404,406.75,388,394.25,0.5,298610,1530930
2020-02-01,ZCY00,393.25,398.5,379.5,381.5,-12.75,438940,1576535
2020-03-01,ZCY00,389,396.5,341.75,341.75,-39.75,353577,1435669
2020-04-01,ZCY00,337.75,337.75,303.75,312.5,-29.25,386439,1441202
2020-05-01,ZCY00,312,332.5,307.75,325.75,13.25,228076,1428944
2020-06-01,ZCY00,332.25,348,326.5,348,22.25,465216,1564111
2020-07-01,ZCY00,360,360,330,330.5,-17.5,323368,1531851
2020-08-01,ZCY00,335,356,322.75,356,25.5,431628,1525632
2020-09-01,ZCY00,358.75,385,353,385,29,284689,1458863
2020-10-01,ZCY00,388.75,432.75,385.75,417,32,375287,1601413
2020-11-01,ZCY00,416,436.25,416,428.75,11.75,439641,1733669
2020-12-01,ZCY00,424.25,490,424.25,490,61.25,238431,1684668
2021-01-01,ZCY00,492.25,548,492.25,548,58,459700,1884231
2021-02-01,ZCY00,550.25,564.75,535.5,556.5,8.5,450950,1940491
2021-03-01,ZCY00,545.25,572.75,539.5,572.75,16.25,272254,1773955
2021-04-01,ZCY00,568.25,709.5,563.75,700.75,128,478333,1769586
2021-05-01,ZCY00,710.5,769.75,665.25,696.75,-4,395668,1706623
2021-06-01,ZCY00,729.25,730.5,607.75,694.25,-2.5,455482,1671324
2021-07-01,ZCY00,701.75,701.75,629.5,652,-42.25,261513,1486496
2021-08-01,ZCY00,666.25,682.5,599,599,-53,334859,1436341
2021-09-01,ZCY00,583.25,626,537,551.75,-47.25,233488,1382970
2021-10-01,ZCY00,551.5,584.75,522.25,584.75,33,236257,1416845
2021-11-01,ZCY00,595.5,598.25,561.5,580.5,-4.25,388702,1550875
2021-12-01,ZCY00,587,626.25,587,607.5,27,203293,1469474
2022-01-01,ZCY00,600.75,643,599,633,25.5,317004,1517340
2022-02-01,ZCY00,641.75,701.5,623.75,701.5,68.5,487130,1567626
2022-03-01,ZCY00,729.75,757.5,724.25,744.75,43.25,312421,1505856
2022-04-01,ZCY00,731,821.25,731,821.25,76.5,362336,1571658
2022-05-01,ZCY00,816.5,822,780,782.5,-38.75,258136,1531049
2022-06-01,ZCY00,752.75,832,748.5,751.25,-31.25,396913,1488679
2022-07-01,ZCY00,694.625,752,674.25,726.25,-25,297160,1321315
2022-08-01,ZCY00,717,753.75,693.5,743.75,17.5,305121,1315169
2022-09-01,ZCY00,728.25,778.125,728.25,737.5,-6.25,225653,1317524
2022-10-01,ZCY00,720.75,740.5,685.75,696.5,-41,238844,1419812
2022-11-01,ZCY00,702.75,702.75,638.25,649.5,-47,347789,1403243
2022-12-01,ZCY00,648,685.25,619.75,681,31.5,191978,1208464
2023-01-01,ZCY00,681,687.75,655.25,674.75,-6.25,284066,1249289
2023-02-01,ZCY00,678.5,689.75,632,632,-42.75,381000,1323659
2023-03-01,ZCY00,643,674.5,626.5,674.5,42.5,318001,1324615
2023-04-01,ZCY00,667.75,687.5,627.75,630.5,-44,384613,1300522
2023-05-01,ZCY00,640.5,654,580.25,644,13.5,344521,1283184
2023-06-01,ZCY00,642.5,707.25,559,559,-85,522312,1285578
2023-07-01,ZCY00,560.125,638,549.25,571.5,12.5,345820,1277128
2023-08-01,ZCY00,564.5,564.5,491,491,-80.5,320583,1278735
2023-09-01,ZCY00,502.125,517,496.75,496.75,5.75,216253,1289477
2023-10-01,ZCY00,501.25,517.25,475.25,475.25,-21.5,255605,1378044
2023-11-01,ZCY00,467,474,440.625,452.625,-22.625,420913,1404276
2023-12-01,ZCY00,459.5,476.625,456,466.25,13.625,197148,1264703
2024-01-01,ZCY00,466.25,470.375,431.25,439.25,-27,316074,1497444
2024-02-01,ZCY00,438.25,438.25,377.25,406,-33.25,457667,1584157
2024-03-01,ZCY00,403.25,427,403.25,427,21,312072,1550565
2024-04-01,ZCY00,425.5,447,416.5,444.625,17.625,434622,1536514
2024-05-01,ZCY00,449.5,481.5,449.5,472.75,28.125,399802,1495984
Downloaded from Barchart.com as of 05-27-2024 11:07am CDT