"Symbol: ZLY00",,,,,,,"Study: VOL (LikeMain)",
"Date Time","Symbol","Open","High","Low","Close","Change","Volume","Open Interest"
1971-02-01,ZLY00,12.21,12.38,11.63,12.27,0,10842,36146
1971-03-01,ZLY00,12.09,12.41,11.92,11.96,-0.3099999999999987,9637,34050
1971-04-01,ZLY00,11.62,11.67,10.79,11.09,-0.870000000000001,11005,30758
1971-05-01,ZLY00,11.04,11.92,11.04,11.9,0.8100000000000005,10536,26737
1971-06-01,ZLY00,11.81,14.03,11.67,13.41,1.5099999999999998,11507,28263
1971-07-01,ZLY00,13.7,15.38,13.58,14.85,1.4399999999999995,13591,30796
1971-08-01,ZLY00,15.17,15.34,13.37,13.37,-1.4800000000000004,13646,30464
1971-09-01,ZLY00,13.74,13.88,12.22,12.37,-1,12343,28941
1971-10-01,ZLY00,12.52,13.88,12.4,13.11,0.7400000000000002,13344,30797
1971-11-01,ZLY00,12.74,13.03,11.99,12.13,-0.9799999999999986,10903,32627
1971-12-01,ZLY00,12.19,12.19,11.44,11.47,-0.6600000000000001,9576,32562
1972-01-01,ZLY00,11.07,11.22,10.61,11.22,-0.25,9781,29971
1972-02-01,ZLY00,11.26,11.34,10.77,11.19,-0.030000000000001137,8770,29714
1972-03-01,ZLY00,11.33,12,11.33,11.92,0.7300000000000004,9726,30062
1972-04-01,ZLY00,11.88,12.39,11.22,11.22,-0.6999999999999993,10677,32029
1972-05-01,ZLY00,11.14,11.79,11.14,11.55,0.33000000000000007,7435,31326
1972-06-01,ZLY00,11.42,11.42,9.89,10.27,-1.2800000000000011,8611,32068
1972-07-01,ZLY00,10.43,10.75,9.78,9.78,-0.4900000000000002,7590,30704
1972-08-01,ZLY00,9.85,10.61,9.83,9.97,0.19000000000000128,7809,28947
1972-09-01,ZLY00,10.04,10.36,9.54,9.96,-0.009999999999999787,8285,27931
1972-10-01,ZLY00,9.61,10.11,9.09,9.92,-0.040000000000000924,8957,28589
1972-11-01,ZLY00,10.02,10.08,9.33,9.54,-0.3800000000000008,7713,29005
1972-12-01,ZLY00,9.71,10.07,9.3,9.54,0,10624,34333
1973-01-01,ZLY00,9.35,10.71,9.35,10.41,0.870000000000001,10909,37238
1973-02-01,ZLY00,10.68,14.48,10.68,13.11,2.6999999999999993,25825,49267
1973-03-01,ZLY00,13.7,14.49,13.25,14.42,1.3100000000000005,19102,49280
1973-04-01,ZLY00,15.42,15.99,14.3,15.99,1.5700000000000003,19284,48225
1973-05-01,ZLY00,16.36,19.37,15.94,19.3,3.3100000000000005,18093,47278
1973-06-01,ZLY00,19.28,20.35,17.77,18.72,-0.5800000000000018,13694,39208
1973-07-01,ZLY00,19.42,29.15,18.9,29.15,10.43,11746,33058
1973-08-01,ZLY00,30.37,39.35,25.67,25.67,-3.479999999999997,8653,31981
1973-09-01,ZLY00,24.67,25.95,23.02,25.75,0.0799999999999983,9306,30665
1973-10-01,ZLY00,24.67,31.15,18.85,19.35,-6.399999999999999,9785,25148
1973-11-01,ZLY00,19.33,23.2,19.02,23.2,3.849999999999998,11090,26492
1973-12-01,ZLY00,23.58,28.43,23.58,25.68,2.4800000000000004,9921,25160
1974-01-01,ZLY00,26.13,33.2,25.75,32.72,7.039999999999999,13905,27798
1974-02-01,ZLY00,33.47,39.52,33.22,35.9,3.1799999999999997,14058,29973
1974-03-01,ZLY00,36.85,36.85,27.9,29.35,-6.549999999999997,14329,31319
1974-04-01,ZLY00,28.1,32.77,25.1,31.15,1.7999999999999972,15083,30931
1974-05-01,ZLY00,29.72,30.85,27.53,30.85,-0.29999999999999716,14833,32337
1974-06-01,ZLY00,30.03,34.1,28.9,33.47,2.6199999999999974,15374,34356
1974-07-01,ZLY00,35.32,49.42,35.32,49.42,15.950000000000003,10375,32204
1974-08-01,ZLY00,48.05,48.18,37.63,37.63,-11.79,11001,29517
1974-09-01,ZLY00,36.63,50.37,34.88,50.37,12.739999999999995,10368,27232
1974-10-01,ZLY00,48.3,49.6,37.45,38,-12.369999999999997,11796,26061
1974-11-01,ZLY00,38.93,44.13,37.9,40.55,2.549999999999997,10775,25798
1974-12-01,ZLY00,38.73,41.15,35.25,37.13,-3.4199999999999946,11958,29298
1975-01-01,ZLY00,37.22,38.25,29.75,31.85,-5.280000000000001,13009,28698
1975-02-01,ZLY00,31,31.95,25.6,25.6,-6.25,10990,25914
1975-03-01,ZLY00,26.4,32.75,26.4,32.75,7.149999999999999,12172,25469
1975-04-01,ZLY00,31.97,31.97,25.5,26.05,-6.699999999999999,11320,24847
1975-05-01,ZLY00,25.65,25.65,22.55,22.93,-3.120000000000001,11052,25273
1975-06-01,ZLY00,22.05,25.5,22.05,24.08,1.1499999999999986,11280,28931
1975-07-01,ZLY00,23.47,31.87,23.47,29.58,5.5,13153,29509
1975-08-01,ZLY00,29.9,32.4,23.43,23.43,-6.149999999999999,13772,29110
1975-09-01,ZLY00,24.33,26.25,23.2,23.6,0.1700000000000017,11611,28389
1975-10-01,ZLY00,23.95,23.95,19.23,19.27,-4.330000000000002,10947,31133
1975-11-01,ZLY00,18.85,20.85,17.15,17.15,-2.120000000000001,12781,32119
1975-12-01,ZLY00,17.33,18.15,15.65,15.65,-1.4999999999999982,9814,34917
1976-01-01,ZLY00,15.68,17.6,14.73,15.23,-0.41999999999999993,11663,32615
1976-02-01,ZLY00,15.72,16.98,15.38,16.6,1.370000000000001,10256,32463
1976-03-01,ZLY00,16.63,17.27,15.95,16.03,-0.5700000000000003,9068,35509
1976-04-01,ZLY00,16.13,17.04,15.87,15.9,-0.13000000000000078,10706,36820
1976-05-01,ZLY00,15.96,16.25,15.08,16.18,0.27999999999999936,11116,37270
1976-06-01,ZLY00,16.3,19.58,15.55,19.15,2.969999999999999,16203,45737
1976-07-01,ZLY00,20.47,23.72,18.4,18.75,-0.3999999999999986,18241,47475
1976-08-01,ZLY00,18.7,22.15,18.7,21.8,3.0500000000000007,13759,44013
1976-09-01,ZLY00,22.75,24.45,20.58,20.85,-0.9499999999999993,15910,43187
1976-10-01,ZLY00,20.53,22.5,19.2,22.5,1.6499999999999986,14416,45821
1976-11-01,ZLY00,22.52,22.75,20.73,20.73,-1.7699999999999996,16482,50548
1976-12-01,ZLY00,21.04,21.65,20.3,20.55,-0.17999999999999972,12741,51311
1977-01-01,ZLY00,20.18,22.23,19.87,22.02,1.4699999999999989,17920,43773
1977-02-01,ZLY00,21.87,23.02,21.76,22.95,0.9299999999999997,15262,47335
1977-03-01,ZLY00,23.37,28.88,23.37,28.22,5.27,24035,54006
1977-04-01,ZLY00,28.78,31.35,28.65,29.53,1.3100000000000023,30605,57369
1977-05-01,ZLY00,29.52,32.87,29.52,32.47,2.9399999999999977,22788,54916
1977-06-01,ZLY00,32.2,32.2,25.38,26.92,-5.549999999999997,24954,54900
1977-07-01,ZLY00,24.83,25.55,21.63,22.73,-4.190000000000001,19341,49942
1977-08-01,ZLY00,21.8,23.53,19.68,19.97,-2.7600000000000016,13416,49041
1977-09-01,ZLY00,20.1,20.1,18.25,19.28,-0.6899999999999977,13925,48214
1977-10-01,ZLY00,19.32,19.67,17.9,18.99,-0.2900000000000027,15250,47420
1977-11-01,ZLY00,19.37,23.13,18.79,21.28,2.2900000000000027,22943,49955
1977-12-01,ZLY00,21.87,24.32,21.59,21.59,0.3099999999999987,20077,52487
1978-01-01,ZLY00,21.32,21.75,20.19,20.95,-0.6400000000000006,19954,41085
1978-02-01,ZLY00,21.26,22.95,20.82,22.95,2,19304,43343
1978-03-01,ZLY00,24.22,29.35,23.6,27.55,4.600000000000001,28431,48208
1978-04-01,ZLY00,26.55,29.17,26.18,28.57,1.0199999999999996,26679,49322
1978-05-01,ZLY00,28.67,29.97,27.9,29.3,0.7300000000000004,23462,51647
1978-06-01,ZLY00,29.35,29.35,25.72,26.52,-2.780000000000001,25231,52903
1978-07-01,ZLY00,25.67,27.22,24.87,25.17,-1.3499999999999979,21518,51664
1978-08-01,ZLY00,24.82,28.57,24.42,27.8,2.629999999999999,20550,50352
1978-09-01,ZLY00,28.2,28.65,26.88,26.97,-0.8300000000000018,20426,51302
1978-10-01,ZLY00,27.22,27.92,26.5,26.95,-0.019999999999999574,25947,53980
1978-11-01,ZLY00,26.28,26.33,23.5,25.65,-1.3000000000000007,25726,57406
1978-12-01,ZLY00,25.82,26.73,25.09,25.57,-0.0799999999999983,20170,53960
1979-01-01,ZLY00,25.67,26.2,25.4,25.74,0.16999999999999815,19544,50025
1979-02-01,ZLY00,25.93,29.17,25.93,27.77,2.030000000000001,30682,56896
1979-03-01,ZLY00,27.83,28.63,26.92,27.97,0.1999999999999993,21251,56503
1979-04-01,ZLY00,27.73,27.73,26.16,26.4,-1.5700000000000003,25437,57823
1979-05-01,ZLY00,26.39,26.69,25.88,26.52,0.120000000000001,18359,57242
1979-06-01,ZLY00,26.23,29.65,26.17,27.67,1.1500000000000021,30636,61759
1979-07-01,ZLY00,28.07,30.68,27.93,28.22,0.5499999999999972,29818,61542
1979-08-01,ZLY00,28.47,30.8,27.52,30.62,2.400000000000002,21961,57409
1979-09-01,ZLY00,29.92,31.85,28.39,28.52,-2.1000000000000014,27582,59745
1979-10-01,ZLY00,28.68,28.68,26.07,27.17,-1.3499999999999979,26922,63640
1979-11-01,ZLY00,27.52,28.47,27.21,28.27,1.0999999999999979,21172,66715
1979-12-01,ZLY00,28.27,28.27,24.1,24.1,-4.169999999999998,19403,65595
1980-01-01,ZLY00,24.12,24.23,23,23.96,-0.14000000000000057,18243,56707
1980-02-01,ZLY00,23.93,24.43,22.58,22.58,-1.3800000000000026,21033,63278
1980-03-01,ZLY00,22.49,22.71,20.64,20.64,-1.9399999999999977,16859,58862
1980-04-01,ZLY00,20.27,20.79,19.56,19.61,-1.0300000000000011,17620,55326
1980-05-01,ZLY00,19.52,21.9,19.52,21.27,1.6600000000000001,18822,57666
1980-06-01,ZLY00,21.27,23.59,20.9,23.59,2.3200000000000003,20659,63050
1980-07-01,ZLY00,23.56,27.93,23.56,27.32,3.7300000000000004,32891,63840
1980-08-01,ZLY00,27.57,27.57,24.87,25.72,-1.6000000000000014,27126,61706
1980-09-01,ZLY00,25.93,27.18,24.31,24.31,-1.4100000000000001,31415,66762
1980-10-01,ZLY00,25.25,25.85,23.9,25.65,1.3399999999999999,28923,69994
1980-11-01,ZLY00,26.25,27.65,25.6,27.05,1.4000000000000021,36400,83302
1980-12-01,ZLY00,26.2,26.2,21.28,23.2,-3.8500000000000014,32731,72074
1981-01-01,ZLY00,24.05,24.17,20.75,20.75,-2.4499999999999993,23217,62221
1981-02-01,ZLY00,21.13,22.82,21.13,22.44,1.6900000000000013,24324,60125
1981-03-01,ZLY00,21.78,24.19,21.63,24.12,1.6799999999999997,21624,58344
1981-04-01,ZLY00,23.91,24.26,21.72,21.94,-2.1799999999999997,24195,58566
1981-05-01,ZLY00,21.76,22.32,20.9,22.1,0.16000000000000014,22170,58796
1981-06-01,ZLY00,21.81,21.97,20.48,20.63,-1.4700000000000024,25198,60117
1981-07-01,ZLY00,21.35,24.08,21.21,22.02,1.3900000000000006,32281,57824
1981-08-01,ZLY00,21.43,21.75,19.52,19.52,-2.5,22257,53447
1981-09-01,ZLY00,19.7,20.51,18,18.46,-1.0599999999999987,22884,51256
1981-10-01,ZLY00,18.48,20.76,18.48,20.03,1.5700000000000003,21367,49005
1981-11-01,ZLY00,20.12,20.18,19.5,19.6,-0.4299999999999997,22807,51539
1981-12-01,ZLY00,19.83,19.95,18.07,18.27,-1.3300000000000018,26563,47053
1982-01-01,ZLY00,17.73,19.39,17.69,19.28,1.0100000000000016,21912,50210
1982-02-01,ZLY00,19.37,19.37,17.65,18.11,-1.1700000000000017,25959,53926
1982-03-01,ZLY00,18.14,19.2,17.42,18.88,0.7699999999999996,22490,50108
1982-04-01,ZLY00,19.03,20.1,19.03,19.9,1.0199999999999996,25920,51762
1982-05-01,ZLY00,19.77,21.48,19.71,19.71,-0.18999999999999773,27768,54574
1982-06-01,ZLY00,19.09,19.83,18.91,18.91,-0.8000000000000007,24602,55441
1982-07-01,ZLY00,19.12,19.35,18.58,18.58,-0.33000000000000185,23286,55869
1982-08-01,ZLY00,18.64,18.64,17.13,17.61,-0.9699999999999989,24996,53243
1982-09-01,ZLY00,17.78,17.91,17.03,17.03,-0.5799999999999983,24807,46052
1982-10-01,ZLY00,17.04,17.95,16.83,17.15,0.11999999999999744,18611,43332
1982-11-01,ZLY00,17.34,18.14,16.97,17.07,-0.0799999999999983,23339,41425
1982-12-01,ZLY00,17.13,17.2,15.88,15.88,-1.1899999999999995,21103,46515
1983-01-01,ZLY00,15.85,17.22,15.73,17.22,1.339999999999998,26060,48790
1983-02-01,ZLY00,17.31,17.76,16.57,16.57,-0.6499999999999986,25700,50751
1983-03-01,ZLY00,16.81,18.86,16.81,18.86,2.289999999999999,21972,51597
1983-04-01,ZLY00,19.29,20.11,19.02,20.11,1.25,27324,60866
1983-05-01,ZLY00,20.1,20.17,19.1,19.1,-1.009999999999998,22720,57007
1983-06-01,ZLY00,19.11,20.02,18.73,19.81,0.7099999999999973,26261,56958
1983-07-01,ZLY00,19.76,24.11,19.68,23.57,3.7600000000000016,33290,54403
1983-08-01,ZLY00,24.75,35.9,24.75,33.85,10.280000000000001,39328,60570
1983-09-01,ZLY00,32.2,36.6,32.2,32.4,-1.4500000000000028,42423,73114
1983-10-01,ZLY00,31.68,32.93,28.77,28.8,-3.599999999999998,36067,79123
1983-11-01,ZLY00,29.4,30.4,25.68,27.1,-1.6999999999999993,33858,78857
1983-12-01,ZLY00,27.68,29.17,25.82,29.01,1.9100000000000001,30401,68567
1984-01-01,ZLY00,29.28,30.1,27.15,27.62,-1.3900000000000006,34123,61271
1984-02-01,ZLY00,28.12,28.87,25.67,28.58,0.9599999999999973,34640,59187
1984-03-01,ZLY00,28.58,31.65,28.58,30.42,1.8400000000000034,30698,53640
1984-04-01,ZLY00,30.93,33.55,30.73,33.32,2.8999999999999986,36005,57139
1984-05-01,ZLY00,33.92,41.68,33.92,38.83,5.509999999999998,46699,65025
1984-06-01,ZLY00,37.83,38.2,33.62,35.27,-3.559999999999995,41592,61391
1984-07-01,ZLY00,33.93,33.93,28.6,28.95,-6.320000000000004,33679,54517
1984-08-01,ZLY00,28.5,30.48,27.83,28.62,-0.3299999999999983,24416,47204
1984-09-01,ZLY00,27.58,29.07,27.01,28.17,-0.4499999999999993,25709,45349
1984-10-01,ZLY00,28.12,32.7,28.12,31.07,2.8999999999999986,23431,40365
1984-11-01,ZLY00,32.07,33.43,29.87,30.47,-0.6000000000000014,27434,43138
1984-12-01,ZLY00,30.88,30.88,26.84,28.22,-2.25,22053,42943
1985-01-01,ZLY00,27.46,29.41,27.28,29.13,0.9100000000000001,24019,37482
1985-02-01,ZLY00,29.93,30.22,28.54,29.82,0.6900000000000013,26951,42453
1985-03-01,ZLY00,29.53,32.83,28.47,32.52,2.700000000000003,29675,47038
1985-04-01,ZLY00,32.39,34.83,32.39,33.78,1.259999999999998,38568,56246
1985-05-01,ZLY00,33.37,33.53,31.62,32.32,-1.4600000000000009,37855,58675
1985-06-01,ZLY00,32.35,33.95,31.18,31.79,-0.5300000000000011,30871,60357
1985-07-01,ZLY00,31.33,31.36,26.13,26.4,-5.390000000000001,31014,55448
1985-08-01,ZLY00,25.92,25.92,23.25,23.27,-3.129999999999999,25592,53111
1985-09-01,ZLY00,23.45,23.57,21.99,22.16,-1.1099999999999994,23296,53351
1985-10-01,ZLY00,22.13,22.13,19.8,20.65,-1.5100000000000016,23482,47026
1985-11-01,ZLY00,20.78,21.32,19.56,19.91,-0.7399999999999984,28155,42732
1985-12-01,ZLY00,19.34,22.69,19.34,21.79,1.879999999999999,26510,46469
1986-01-01,ZLY00,22.02,22.02,19.82,19.94,-1.8499999999999979,23921,48384
1986-02-01,ZLY00,19.78,20.11,16.75,16.75,-3.1900000000000013,24831,52875
1986-03-01,ZLY00,16.76,19.24,16.76,19.24,2.4899999999999984,25401,55877
1986-04-01,ZLY00,19.07,19.07,17.04,18.65,-0.5899999999999999,28334,56114
1986-05-01,ZLY00,17.92,18.52,17.39,17.46,-1.1899999999999977,26079,53063
1986-06-01,ZLY00,17.23,17.42,16.09,16.09,-1.370000000000001,24952,60035
1986-07-01,ZLY00,16.01,16.75,15.71,15.71,-0.379999999999999,26913,63034
1986-08-01,ZLY00,15.66,15.66,13.55,13.76,-1.950000000000001,22660,60095
1986-09-01,ZLY00,13.27,14.68,13.27,14.57,0.8100000000000005,19307,54905
1986-10-01,ZLY00,14.74,15.76,13.64,15.06,0.4900000000000002,28209,57256
1986-11-01,ZLY00,15.22,15.27,14.34,15.27,0.20999999999999908,27516,69227
1986-12-01,ZLY00,15.34,15.34,14.62,14.88,-0.3899999999999988,23601,67685
1987-01-01,ZLY00,14.76,16.54,14.76,16.21,1.33,33079,71876
1987-02-01,ZLY00,15.87,15.96,14.86,14.87,-1.3400000000000016,32084,81610
1987-03-01,ZLY00,15.08,15.58,14.89,15.24,0.370000000000001,24340,73916
1987-04-01,ZLY00,15.28,15.73,15.01,15.52,0.27999999999999936,28898,75154
1987-05-01,ZLY00,15.94,16.78,15.67,15.74,0.22000000000000064,37425,82843
1987-06-01,ZLY00,15.88,16.61,15.19,15.74,0,33084,86672
1987-07-01,ZLY00,15.81,16.12,14.79,15.58,-0.16000000000000014,32392,83041
1987-08-01,ZLY00,15.76,15.76,14.77,15.18,-0.40000000000000036,25414,68373
1987-09-01,ZLY00,15.04,16.37,15.04,16.07,0.8900000000000006,28674,65973
1987-10-01,ZLY00,16.29,17.52,16.29,17.26,1.1900000000000013,31802,68775
1987-11-01,ZLY00,17.1,18.33,17.04,18.08,0.8199999999999967,31507,73194
1987-12-01,ZLY00,18.5,20.2,17.99,20.17,2.0900000000000034,32833,79985
1988-01-01,ZLY00,20.38,23.05,20.38,21.5,1.3299999999999983,43698,85953
1988-02-01,ZLY00,21.65,21.65,20.42,20.95,-0.5500000000000007,39074,88260
1988-03-01,ZLY00,20.78,20.94,19.45,20.91,-0.03999999999999915,30158,86472
1988-04-01,ZLY00,21.33,22.46,21.01,22.46,1.5500000000000007,44269,85712
1988-05-01,ZLY00,22.48,25.09,22.12,25.09,2.629999999999999,38023,87253
1988-06-01,ZLY00,24.56,32.2,24.56,31.5,6.41,52747,94791
1988-07-01,ZLY00,32.9,33.25,25.07,26.13,-5.370000000000001,46142,95931
1988-08-01,ZLY00,27.82,28.62,25.16,27,0.870000000000001,35098,87566
1988-09-01,ZLY00,27.45,27.45,23.62,23.89,-3.1099999999999994,37143,86994
1988-10-01,ZLY00,23.69,24.1,22.63,23.03,-0.8599999999999994,28864,82541
1988-11-01,ZLY00,22.74,23.02,20.25,20.97,-2.0600000000000023,35932,82477
1988-12-01,ZLY00,21.37,22.77,21.37,21.69,0.7200000000000024,35541,75688
1989-01-01,ZLY00,21.43,22.19,20.21,21.03,-0.6600000000000001,30268,77741
1989-02-01,ZLY00,21.12,22.2,20.6,22.2,1.1699999999999982,36597,81676
1989-03-01,ZLY00,21.8,22.62,21.44,21.5,-0.6999999999999993,33465,78235
1989-04-01,ZLY00,21.28,22.76,21.28,22.23,0.7300000000000004,38468,77249
1989-05-01,ZLY00,22.58,23.18,20.93,20.93,-1.3000000000000007,38947,73623
1989-06-01,ZLY00,20.67,21.42,20.01,20.51,-0.41999999999999815,35118,76572
1989-07-01,ZLY00,20.59,21.88,17.87,17.87,-2.6400000000000006,41448,70644
1989-08-01,ZLY00,17.93,18.75,17.65,18.32,0.4499999999999993,30329,68652
1989-09-01,ZLY00,18.33,19.35,18.23,19,0.6799999999999997,32076,63751
1989-10-01,ZLY00,18.94,19.57,18.46,19.29,0.28999999999999915,30999,63911
1989-11-01,ZLY00,19.33,20.29,18.92,19.14,-0.14999999999999858,32784,69248
1989-12-01,ZLY00,19.05,19.32,18.81,18.93,-0.21000000000000085,29865,68166
1990-01-01,ZLY00,18.6,19.8,18.6,19.44,0.5100000000000016,26739,73368
1990-02-01,ZLY00,19.5,21.8,19.35,21.8,2.3599999999999994,41795,80842
1990-03-01,ZLY00,21.93,23.48,21.93,22.74,0.9399999999999977,37630,87615
1990-04-01,ZLY00,22.51,24.47,22.34,24.22,1.4800000000000004,44767,92845
1990-05-01,ZLY00,23.62,25.45,23.62,24.53,0.3100000000000023,44435,103116
1990-06-01,ZLY00,24.3,25.85,24,25.75,1.2199999999999989,42050,103747
1990-07-01,ZLY00,26.46,26.46,23.61,25.18,-0.5700000000000003,44029,88763
1990-08-01,ZLY00,25.14,25.75,24.65,24.72,-0.46000000000000085,35269,81310
1990-09-01,ZLY00,24.82,24.95,23.79,23.79,-0.9299999999999997,33599,73841
1990-10-01,ZLY00,23.24,23.24,22.02,22.02,-1.7699999999999996,29919,78548
1990-11-01,ZLY00,21.9,21.9,20.22,21.72,-0.3000000000000007,35260,86786
1990-12-01,ZLY00,21.85,21.95,21.01,21.01,-0.7099999999999973,27390,75995
1991-01-01,ZLY00,20.75,22.85,20.36,21.9,0.889999999999997,30020,72987
1991-02-01,ZLY00,21.92,22.31,21.23,21.9,0,27301,71607
1991-03-01,ZLY00,22.45,23.13,21.05,21.45,-0.4499999999999993,35498,76800
1991-04-01,ZLY00,22.2,22.2,20.5,20.5,-0.9499999999999993,31102,70361
1991-05-01,ZLY00,20.56,20.68,19.75,20.53,0.030000000000001137,23598,70954
1991-06-01,ZLY00,20.72,20.72,18.56,18.56,-1.9700000000000024,32290,73870
1991-07-01,ZLY00,18.82,21.48,18.25,21.4,2.84,39433,73864
1991-08-01,ZLY00,21.95,22.65,19.2,20.13,-1.2699999999999996,36346,70058
1991-09-01,ZLY00,20.05,21.15,19.8,19.8,-0.3299999999999983,30316,66128
1991-10-01,ZLY00,19.93,20.28,19.03,19.18,-0.620000000000001,29614,61227
1991-11-01,ZLY00,19.21,19.21,18.4,18.84,-0.33999999999999986,29787,69657
1991-12-01,ZLY00,18.97,19.52,18.3,18.3,-0.5399999999999991,35168,63901
1992-01-01,ZLY00,18.2,19.21,18.2,18.89,0.5899999999999999,31292,68619
1992-02-01,ZLY00,18.95,19.48,18.45,19.21,0.3200000000000003,30919,73919
1992-03-01,ZLY00,19.35,20.46,19.24,19.33,0.11999999999999744,36342,75508
1992-04-01,ZLY00,19.11,19.35,18.75,18.82,-0.509999999999998,24368,62202
1992-05-01,ZLY00,19.23,21.55,19.23,20.83,2.009999999999998,38181,65084
1992-06-01,ZLY00,21.48,21.6,19.9,20.08,-0.75,32032,71507
1992-07-01,ZLY00,20.08,20.08,17.98,17.98,-2.099999999999998,37554,64450
1992-08-01,ZLY00,18.12,18.36,17.52,17.66,-0.3200000000000003,28382,72569
1992-09-01,ZLY00,17.56,19.1,17.56,18.17,0.5100000000000016,40559,70228
1992-10-01,ZLY00,17.85,19.04,17.42,19.04,0.8699999999999974,31524,65243
1992-11-01,ZLY00,19.18,20.77,19.18,20.35,1.3100000000000023,36577,76168
1992-12-01,ZLY00,20.34,20.89,20.06,20.47,0.11999999999999744,36867,76908
1993-01-01,ZLY00,20.5,21.83,20.5,20.75,0.28000000000000114,34137,73683
1993-02-01,ZLY00,20.98,20.98,20.35,20.81,0.05999999999999872,28108,68887
1993-03-01,ZLY00,21.32,21.47,20.6,20.92,0.11000000000000298,32904,66803
1993-04-01,ZLY00,21.24,21.74,20.84,20.84,-0.08000000000000185,29152,68598
1993-05-01,ZLY00,20.93,21.55,20.75,21.3,0.46000000000000085,26163,65814
1993-06-01,ZLY00,20.9,23.64,20.2,23.64,2.34,39519,73892
1993-07-01,ZLY00,24.1,24.95,22.98,23.06,-0.5800000000000018,49386,83730
1993-08-01,ZLY00,24.02,24.22,22.73,23.6,0.5400000000000027,40415,72746
1993-09-01,ZLY00,23.36,24.6,22.85,23.81,0.2099999999999973,42795,64927
1993-10-01,ZLY00,23.25,23.63,22.46,23.63,-0.17999999999999972,29129,62348
1993-11-01,ZLY00,23.48,26.97,23.48,26.38,2.75,44303,80136
1993-12-01,ZLY00,26.32,30.07,26.32,30.07,3.6900000000000013,42720,94990
1994-01-01,ZLY00,29.97,30.92,28.9,29.33,-0.740000000000002,41926,97167
1994-02-01,ZLY00,29.35,29.42,28.24,29.23,-0.09999999999999787,42271,99640
1994-03-01,ZLY00,29.38,29.55,28.4,28.96,-0.2699999999999996,31599,100327
1994-04-01,ZLY00,27.97,29.14,27.42,29.14,0.17999999999999972,41176,98658
1994-05-01,ZLY00,28.9,30.71,27.94,28.56,-0.5800000000000018,42073,97569
1994-06-01,ZLY00,28.85,28.87,26.51,26.51,-2.049999999999997,34379,83165
1994-07-01,ZLY00,25.78,25.78,23.93,24.04,-2.4700000000000024,39684,93924
1994-08-01,ZLY00,23.9,25.12,23.85,25.08,1.0399999999999991,31029,88141
1994-09-01,ZLY00,25.41,26.9,25.37,25.93,0.8500000000000014,39519,81713
1994-10-01,ZLY00,25.56,28.63,25.13,27.66,1.7300000000000004,73026,78441
1994-11-01,ZLY00,27.74,30.97,27.74,30.48,2.8200000000000003,49211,108327
1994-12-01,ZLY00,30.29,31.57,29.12,31.57,1.0899999999999999,46044,114835
1995-01-01,ZLY00,30.75,30.75,27.63,27.75,-3.8200000000000003,40272,101127
1995-02-01,ZLY00,27.56,28.56,27.44,27.81,0.05999999999999872,38283,103856
1995-03-01,ZLY00,28.31,29.19,26.5,26.5,-1.3099999999999987,40231,97708
1995-04-01,ZLY00,26.38,27,25.56,26.13,-0.370000000000001,36443,82426
1995-05-01,ZLY00,26.88,27.13,24.81,25.88,-0.25,40571,76091
1995-06-01,ZLY00,26.13,28,25.38,26.13,0.25,38016,75171
1995-07-01,ZLY00,26.56,28.63,26.56,26.63,0.5,33669,73527
1995-08-01,ZLY00,26.5,26.75,25.88,26.19,-0.4399999999999977,26616,70458
1995-09-01,ZLY00,26.25,26.88,25.81,26.81,0.6199999999999974,30348,70407
1995-10-01,ZLY00,26.56,27.13,26.13,26.38,-0.4299999999999997,28822,71648
1995-11-01,ZLY00,26.5,26.57,24.56,24.69,-1.6899999999999977,41960,85229
1995-12-01,ZLY00,24.75,25.38,24.38,24.56,-0.13000000000000256,36508,84160
1996-01-01,ZLY00,24.38,24.5,23,23.56,-1,32211,87212
1996-02-01,ZLY00,23.75,23.75,22.94,22.94,-0.6199999999999974,35522,85611
1996-03-01,ZLY00,22.69,24.63,22.69,24.63,1.6899999999999977,36878,87777
1996-04-01,ZLY00,24.81,26.44,24.5,26.38,1.75,42227,95959
1996-05-01,ZLY00,27.13,27.25,25.75,25.75,-0.629999999999999,34246,95557
1996-06-01,ZLY00,25.19,25.88,24.06,24.25,-1.5,42308,86366
1996-07-01,ZLY00,24.69,25.63,23,23.38,-0.870000000000001,46596,81441
1996-08-01,ZLY00,23.68,24.68,23.31,24,0.620000000000001,41397,80211
1996-09-01,ZLY00,24.12,24.62,22.68,22.68,-1.3200000000000003,42585,83239
1996-10-01,ZLY00,22.75,22.75,21.06,21.37,-1.3099999999999987,36660,98420
1996-11-01,ZLY00,21.44,22.31,21.18,21.68,0.3099999999999987,39623,97496
1996-12-01,ZLY00,21.43,22.02,21.25,21.25,-0.4299999999999997,43737,86059
1997-01-01,ZLY00,21.62,23.18,21.37,22.25,1,43459,88922
1997-02-01,ZLY00,22.31,22.75,22.18,22.75,0.5,40202,89357
1997-03-01,ZLY00,23,24.62,22.56,22.56,-0.19000000000000128,53199,102851
1997-04-01,ZLY00,22.75,24.19,22.43,24.19,1.6300000000000026,40844,101303
1997-05-01,ZLY00,24.12,24.62,22.81,23.75,-0.4400000000000013,36987,101622
1997-06-01,ZLY00,24.06,24.06,21.87,21.87,-1.879999999999999,41894,104443
1997-07-01,ZLY00,21.37,22.46,21.32,22.25,0.379999999999999,40258,105346
1997-08-01,ZLY00,21.98,22.78,21.39,22.37,0.120000000000001,36934,95378
1997-09-01,ZLY00,22.62,23.55,22.09,23.35,0.9800000000000004,38026,94676
1997-10-01,ZLY00,23.16,25.48,23.16,24.92,1.5700000000000003,35397,107352
1997-11-01,ZLY00,25.43,26.72,25.18,25.82,0.8999999999999986,51530,119877
1997-12-01,ZLY00,25.82,25.82,24.57,25.04,-0.7800000000000011,45903,106608
1998-01-01,ZLY00,25.09,25.99,24.26,25.16,0.120000000000001,44227,105925
1998-02-01,ZLY00,25.37,27.01,25.37,26.88,1.7199999999999989,67991,122158
1998-03-01,ZLY00,26.62,28.02,26.17,27.33,0.4499999999999993,45288,142078
1998-04-01,ZLY00,27.19,30.18,26.48,28.52,1.1900000000000013,63598,159889
1998-05-01,ZLY00,28.92,29.66,26.17,26.17,-2.349999999999998,63098,159199
1998-06-01,ZLY00,25.77,26.39,25.09,25.46,-0.7100000000000009,58698,140087
1998-07-01,ZLY00,25.63,26.05,23.93,24.29,-1.1700000000000017,57195,117465
1998-08-01,ZLY00,24.12,24.65,23.26,23.86,-0.4299999999999997,46747,112042
1998-09-01,ZLY00,23.69,26.12,23.69,24.85,0.990000000000002,52731,115856
1998-10-01,ZLY00,24.57,25.75,24.57,25.31,0.4599999999999973,34894,115260
1998-11-01,ZLY00,24.86,25.97,24.82,25.97,0.6600000000000001,44757,110367
1998-12-01,ZLY00,25.42,25.42,22.84,22.93,-3.039999999999999,58377,104699
1999-01-01,ZLY00,23.24,23.67,21.61,21.61,-1.3200000000000003,38566,115440
1999-02-01,ZLY00,21.41,21.42,17.47,17.47,-4.140000000000001,58431,131875
1999-03-01,ZLY00,17.55,19.48,17.33,18.68,1.2100000000000009,45271,136967
1999-04-01,ZLY00,18.12,19.75,17.66,18.71,0.030000000000001137,44631,133449
1999-05-01,ZLY00,19.07,19.21,16.92,17.41,-1.3000000000000007,35092,131993
1999-06-01,ZLY00,17.05,17.05,15.96,15.96,-1.4499999999999993,44471,147749
1999-07-01,ZLY00,15.71,16.06,14.53,14.86,-1.1000000000000014,49162,158005
1999-08-01,ZLY00,15.91,17.05,15.79,16.82,1.9600000000000009,50199,147279
1999-09-01,ZLY00,16.92,17.84,16.15,16.15,-0.6700000000000017,49845,146238
1999-10-01,ZLY00,16.05,16.63,15.63,15.8,-0.34999999999999787,37642,155767
1999-11-01,ZLY00,15.62,16.27,15.26,16.27,0.46999999999999886,47341,163438
1999-12-01,ZLY00,16.1,16.1,14.91,15.15,-1.1199999999999992,41284,144798
2000-01-01,ZLY00,14.84,16.41,14.84,15.9,0.75,42423,131947
2000-02-01,ZLY00,15.8,15.8,14.75,15.03,-0.870000000000001,45167,135196
2000-03-01,ZLY00,15.04,17.63,15.04,17.63,2.5999999999999996,42018,143698
2000-04-01,ZLY00,17.86,17.94,16.98,16.98,-0.6499999999999986,46160,155113
2000-05-01,ZLY00,17.53,17.77,15.23,15.24,-1.7400000000000002,41015,134092
2000-06-01,ZLY00,15.58,16.13,15.16,15.16,-0.08000000000000007,48489,140582
2000-07-01,ZLY00,14.74,15.04,14.46,14.54,-0.620000000000001,42246,134392
2000-08-01,ZLY00,14.56,14.96,13.94,14.62,0.08000000000000007,37613,135445
2000-09-01,ZLY00,14.67,14.81,13.89,14.11,-0.5099999999999998,44221,136568
2000-10-01,ZLY00,14.05,14.05,12.94,13,-1.1099999999999994,34403,135583
2000-11-01,ZLY00,13.18,13.68,12.75,13.14,0.14000000000000057,48292,142711
2000-12-01,ZLY00,13.37,13.41,12.65,12.66,-0.4800000000000004,38678,134873
2001-01-01,ZLY00,12.65,12.89,12.1,12.18,-0.4800000000000004,31198,134677
2001-02-01,ZLY00,12.63,12.98,11.83,12.98,0.8000000000000007,48266,133497
2001-03-01,ZLY00,13.33,14.33,13.27,14.2,1.2199999999999989,37877,123770
2001-04-01,ZLY00,14.11,14.11,12.89,13.77,-0.4299999999999997,44346,128360
2001-05-01,ZLY00,13.67,14.13,13.27,14.13,0.3600000000000012,36653,142856
2001-06-01,ZLY00,14.46,14.7,13.87,14.26,0.129999999999999,46763,151644
2001-07-01,ZLY00,14.68,18.05,14.68,18.05,3.790000000000001,71561,162395
2001-08-01,ZLY00,17.78,18.35,15.85,15.86,-2.1900000000000013,50692,159274
2001-09-01,ZLY00,15.72,15.73,14.52,14.52,-1.3399999999999999,53120,159755
2001-10-01,ZLY00,14.47,15.5,14.03,14.76,0.2400000000000002,47857,164521
2001-11-01,ZLY00,14.93,15.55,14.93,15.42,0.6600000000000001,55220,167803
2001-12-01,ZLY00,15.89,15.89,14.55,14.62,-0.8000000000000007,50234,146860
2002-01-01,ZLY00,14.51,15.6,14.14,14.14,-0.47999999999999865,45221,149102
2002-02-01,ZLY00,14.07,14.58,13.85,13.89,-0.25,52357,158157
2002-03-01,ZLY00,14.48,15.71,14.15,14.84,0.9499999999999993,46887,149912
2002-04-01,ZLY00,15.13,16.14,14.46,14.46,-0.379999999999999,45180,136197
2002-05-01,ZLY00,14.77,17.82,14.61,17.82,3.3599999999999994,47901,128707
2002-06-01,ZLY00,17.55,18.36,17.29,18,0.17999999999999972,58826,129479
2002-07-01,ZLY00,18.17,20.21,17.71,20.21,2.210000000000001,63757,135761
2002-08-01,ZLY00,20.31,21.39,19.91,20.77,0.5599999999999987,58986,143144
2002-09-01,ZLY00,20.69,20.76,19.85,20.22,-0.5500000000000007,52946,146759
2002-10-01,ZLY00,19.85,22.59,19.53,22.59,2.370000000000001,47818,139626
2002-11-01,ZLY00,22.66,23.52,22.66,23.52,0.9299999999999997,71310,169591
2002-12-01,ZLY00,23.25,23.25,22.04,22.12,-1.3999999999999986,59722,148448
2003-01-01,ZLY00,22.26,22.26,20.97,21.23,-0.8900000000000006,49803,143607
2003-02-01,ZLY00,21.74,21.84,20.51,21.4,0.16999999999999815,56910,140271
2003-03-01,ZLY00,21.19,22.37,20.92,22,0.6000000000000014,45113,131322
2003-04-01,ZLY00,21.85,22.89,21.85,22.36,0.35999999999999943,58903,142122
2003-05-01,ZLY00,22.48,24.45,22.18,22.82,0.46000000000000085,49528,147583
2003-06-01,ZLY00,22.47,23.57,22.18,22.64,-0.17999999999999972,70528,143218
2003-07-01,ZLY00,23.28,23.28,20.12,20.12,-2.5199999999999996,69223,147609
2003-08-01,ZLY00,20.22,21.32,20.05,21.32,1.1999999999999993,56636,157066
2003-09-01,ZLY00,21.11,25.84,21.11,25.84,4.52,60616,141595
2003-10-01,ZLY00,25.9,28.6,25.9,27.47,1.629999999999999,63774,161556
2003-11-01,ZLY00,27.35,29,26.53,28.56,1.0899999999999999,69101,183746
2003-12-01,ZLY00,29.73,30.52,28.78,29.25,0.6900000000000013,56227,191175
2004-01-01,ZLY00,29.42,31.4,29.09,30.27,1.0199999999999996,48837,198360
2004-02-01,ZLY00,29.98,35.57,29.98,35.57,5.300000000000001,71519,212204
2004-03-01,ZLY00,35.7,35.98,33.17,35.03,-0.5399999999999991,60867,186745
2004-04-01,ZLY00,33.9,36.45,32.6,35.91,0.8799999999999955,67792,159477
2004-05-01,ZLY00,35.8,36.09,29.46,29.93,-5.979999999999997,60204,141771
2004-06-01,ZLY00,31.39,31.39,28.87,29.98,0.05000000000000071,54135,136887
2004-07-01,ZLY00,30.11,30.9,24,24,-5.98,58860,135649
2004-08-01,ZLY00,23.99,28.7,23.97,28.7,4.699999999999999,46540,142574
2004-09-01,ZLY00,29.3,29.32,23.27,23.27,-5.43,50253,132936
2004-10-01,ZLY00,23.52,24.11,22.25,23.75,0.4800000000000004,49294,147046
2004-11-01,ZLY00,23.43,23.66,22.13,22.58,-1.1700000000000017,58102,154316
2004-12-01,ZLY00,22.34,22.42,21.05,21.59,-0.9899999999999984,50496,151778
2005-01-01,ZLY00,20.92,21.16,19.87,19.99,-1.6000000000000014,44951,159228
2005-02-01,ZLY00,19.67,23.6,19.49,23.6,3.610000000000003,79103,174090
2005-03-01,ZLY00,23.08,24.62,22.83,23.28,-0.3200000000000003,49916,161970
2005-04-01,ZLY00,23.06,23.45,22.73,23.09,-0.19000000000000128,58428,145807
2005-05-01,ZLY00,23.17,24.46,22.55,23.83,0.7399999999999984,53816,135156
2005-06-01,ZLY00,24.18,26.83,23.42,24.29,0.46000000000000085,77478,155566
2005-07-01,ZLY00,24.83,26.19,24.83,24.91,0.620000000000001,54833,147541
2005-08-01,ZLY00,24.79,25.69,22.69,23.21,-1.6999999999999993,55397,132350
2005-09-01,ZLY00,23.62,24.1,22.59,24.1,0.8900000000000006,56640,138977
2005-10-01,ZLY00,24.84,24.99,23.11,23.11,-0.990000000000002,57814,165634
2005-11-01,ZLY00,23.27,23.78,20.9,20.9,-2.210000000000001,64090,174942
2005-12-01,ZLY00,20.9,21.76,20.59,21.05,0.15000000000000213,67367,186760
2006-01-01,ZLY00,22.71,22.97,20.71,21.98,0.9299999999999997,53173,171317
2006-02-01,ZLY00,21.45,23.22,21.45,23.22,1.2399999999999984,64336,183717
2006-03-01,ZLY00,23.65,24.66,22.29,22.42,-0.7999999999999972,51938,192668
2006-04-01,ZLY00,22.27,24.99,21.82,24.99,2.5699999999999967,91199,204132
2006-05-01,ZLY00,24.92,25.77,24.17,24.41,-0.5799999999999983,62594,244579
2006-06-01,ZLY00,24.4,25.61,23.45,25.61,1.1999999999999993,93132,241961
2006-07-01,ZLY00,25.42,26.69,25.12,25.97,0.35999999999999943,80107,276250
2006-08-01,ZLY00,25.97,26.25,23.61,24.39,-1.5799999999999983,71016,269093
2006-09-01,ZLY00,23.96,24.11,23.01,23.15,-1.240000000000002,72899,259463
2006-10-01,ZLY00,22.96,26.88,22.66,26.21,3.0600000000000023,85294,256152
2006-11-01,ZLY00,26.85,28.56,26.85,28.56,2.349999999999998,97034,278501
2006-12-01,ZLY00,28.61,28.61,26.71,28.26,-0.29999999999999716,87871,273368
2007-01-01,ZLY00,28.2,29.05,26.82,28.09,-0.1700000000000017,78298,256799
2007-02-01,ZLY00,28.33,29.63,28.33,29.63,1.5399999999999991,114940,283760
2007-03-01,ZLY00,28.88,31.47,28.72,30.98,1.3500000000000014,69542,285435
2007-04-01,ZLY00,31.26,32.1,29.69,32.1,1.120000000000001,121794,312454
2007-05-01,ZLY00,32.14,34.34,31.41,34.21,2.1099999999999994,73191,301565
2007-06-01,ZLY00,34.31,35.13,33.23,35.13,0.9200000000000017,140656,309109
2007-07-01,ZLY00,35.23,36.59,34.86,36.26,1.1299999999999955,106030,294005
2007-08-01,ZLY00,36.19,36.26,33.42,35.14,-1.1199999999999974,94955,285254
2007-09-01,ZLY00,35.81,37.84,35.56,37.61,2.469999999999999,99727,277221
2007-10-01,ZLY00,37.17,40.31,36.15,40.31,2.700000000000003,105504,276871
2007-11-01,ZLY00,40.07,44.56,40.07,43.51,3.1999999999999957,126134,306380
2007-12-01,ZLY00,43.29,47.68,43.29,47.47,3.960000000000001,133770,298882
2008-01-01,ZLY00,48.55,51.31,47.43,50.83,3.3599999999999994,139707,289885
2008-02-01,ZLY00,51.49,65.69,51.49,65.69,14.86,105723,292918
2008-03-01,ZLY00,67.69,67.69,48.35,48.35,-17.339999999999996,64548,287995
2008-04-01,ZLY00,49.02,61.02,49.02,56.29,7.939999999999998,70504,275015
2008-05-01,ZLY00,53.85,61.31,53.85,59.56,3.270000000000003,52687,253973
2008-06-01,ZLY00,59.95,64.45,58.72,64.41,4.849999999999994,74649,259416
2008-07-01,ZLY00,65.08,66.24,55.7,56.01,-8.399999999999999,73819,258411
2008-08-01,ZLY00,54.36,54.36,47.58,51.9,-4.109999999999999,66042,254495
2008-09-01,ZLY00,50.53,50.53,42.35,42.87,-9.030000000000001,68629,256621
2008-10-01,ZLY00,43.43,43.43,30.09,32.1,-10.769999999999996,61491,257226
2008-11-01,ZLY00,33.24,34.47,29,31,-1.1000000000000014,65916,252076
2008-12-01,ZLY00,29.61,31.56,27.05,31.56,0.5599999999999987,66160,220724
2009-01-01,ZLY00,31.95,35.42,29.99,30.35,-1.2099999999999973,60128,204502
2009-02-01,ZLY00,29.38,31.1,27.09,27.72,-2.6300000000000026,79922,211632
2009-03-01,ZLY00,26.97,29.99,26.88,29.99,2.2699999999999996,54064,206298
2009-04-01,ZLY00,30.12,34.05,30.12,33.44,3.4499999999999993,68081,208101
2009-05-01,ZLY00,34.65,37.3,34.65,37.05,3.6099999999999994,59547,217198
2009-06-01,ZLY00,38.45,38.7,32.52,32.52,-4.529999999999994,90609,246494
2009-07-01,ZLY00,33.32,33.32,29.55,31.56,-0.9600000000000044,70144,246199
2009-08-01,ZLY00,34.04,35.58,31.99,31.99,0.4299999999999997,66667,239298
2009-09-01,ZLY00,31.53,32.05,29.74,30.72,-1.2699999999999996,57966,217068
2009-10-01,ZLY00,31,35.51,30.28,33.9,3.1799999999999997,60997,229386
2009-11-01,ZLY00,34.29,38.96,34.29,38.19,4.289999999999999,76354,248176
2009-12-01,ZLY00,38.58,38.58,34.87,37.17,-1.019999999999996,70636,229970
2010-01-01,ZLY00,37.72,37.72,32.9,32.9,-4.270000000000003,62295,219042
2010-02-01,ZLY00,32.94,36.04,32.94,36.04,3.1400000000000006,94054,283115
2010-03-01,ZLY00,36.25,37.77,35.56,35.56,-0.4799999999999969,61479,282972
2010-04-01,ZLY00,36.35,37.92,36.29,36.33,0.769999999999996,91627,290577
2010-05-01,ZLY00,36.4,36.68,34.21,34.68,-1.6499999999999986,61215,299378
2010-06-01,ZLY00,34.17,35.45,33.25,33.6,-1.0799999999999983,99916,319097
2010-07-01,ZLY00,33.12,36.88,33.09,36.88,3.280000000000001,81963,284490
2010-08-01,ZLY00,37.49,39.44,36.01,36.35,-0.5300000000000011,74845,292540
2010-09-01,ZLY00,36.6,41.85,36.6,41.85,5.5,74346,290685
2010-10-01,ZLY00,40.64,46.45,40.17,46,4.149999999999999,75639,325697
2010-11-01,ZLY00,46.45,51.68,45.54,47.15,1.1499999999999986,110182,358850
2010-12-01,ZLY00,49,53.97,49,53.61,6.460000000000001,101936,347185
2011-01-01,ZLY00,53.96,54.49,52.85,54.45,0.8400000000000034,82989,375562
2011-02-01,ZLY00,55.29,56.39,50.71,53.49,-0.9600000000000009,127783,391929
2011-03-01,ZLY00,53.79,57.08,49.96,57.08,3.5899999999999963,93626,358622
2011-04-01,ZLY00,56.98,58.4,55.33,57.26,0.17999999999999972,113835,357657
2011-05-01,ZLY00,57.32,57.7,54.69,57.49,0.23000000000000398,76813,313682
2011-06-01,ZLY00,57.43,57.91,53.91,54.04,-3.450000000000003,110335,322642
2011-07-01,ZLY00,54.16,56.18,54.1,54.53,0.490000000000002,80805,287408
2011-08-01,ZLY00,55.03,57.55,51.88,57.55,3.019999999999996,83647,278787
2011-09-01,ZLY00,56.96,57.97,50.2,50.2,-7.349999999999994,96537,287250
2011-10-01,ZLY00,50.01,54.17,49.04,51.67,1.4699999999999989,88870,297663
2011-11-01,ZLY00,51.43,53.23,48.78,49.77,-1.8999999999999986,109337,305955
2011-12-01,ZLY00,50.02,51.97,48.4,51.97,2.1999999999999957,88920,305273
2012-01-01,ZLY00,52.68,52.68,49.75,50.37,-1.6000000000000014,82449,296900
2012-02-01,ZLY00,50.68,53.69,50.68,53.2,2.8300000000000054,107764,314753
2012-03-01,ZLY00,53.04,54.56,51.98,54.25,1.0499999999999972,95766,340827
2012-04-01,ZLY00,55.31,56.23,54.05,54.05,-0.20000000000000284,136599,380916
2012-05-01,ZLY00,53.91,53.91,47.91,48.2,-5.849999999999994,106054,386923
2012-06-01,ZLY00,47.59,50.84,46.55,50.84,2.6400000000000006,135527,377816
2012-07-01,ZLY00,50.81,53.34,50.08,51.28,0.4399999999999977,114007,329672
2012-08-01,ZLY00,50.46,55.39,50.02,55.17,3.8900000000000006,95900,332181
2012-09-01,ZLY00,56.32,56.32,50.35,50.93,-4.240000000000002,103053,314359
2012-10-01,ZLY00,49.47,50.73,48.04,48.04,-2.8900000000000006,104008,322261
2012-11-01,ZLY00,48.31,48.31,44.68,46.79,-1.25,127776,347897
2012-12-01,ZLY00,47.28,48.58,45.66,46.86,0.07000000000000028,108471,310981
2013-01-01,ZLY00,48.35,50.74,46.92,50.74,3.8800000000000026,97303,313466
2013-02-01,ZLY00,50.87,50.99,47,47,-3.740000000000002,126504,327562
2013-03-01,ZLY00,47.85,49.82,47.72,48.86,1.8599999999999994,73287,329955
2013-04-01,ZLY00,49.81,50.16,48.31,49.16,0.29999999999999716,111531,353043
2013-05-01,ZLY00,48.89,50.01,48.31,48.31,-0.8499999999999943,83245,351424
2013-06-01,ZLY00,48.59,49.23,46.25,46.25,-2.0600000000000023,110296,357080
2013-07-01,ZLY00,46.68,47.06,41.67,41.67,-4.579999999999998,87207,340599
2013-08-01,ZLY00,41.97,43.94,41,43.52,1.8500000000000014,84082,308031
2013-09-01,ZLY00,43.45,43.45,40.58,40.58,-2.940000000000005,78021,291004
2013-10-01,ZLY00,40.58,41.74,38.99,40.21,-0.36999999999999744,82975,314234
2013-11-01,ZLY00,40.59,40.59,38.74,38.75,-1.4600000000000009,113159,333606
2013-12-01,ZLY00,39.09,39.09,36.37,36.57,-2.1799999999999997,90124,344606
2014-01-01,ZLY00,36.18,36.18,33.99,34.57,-2,83426,364055
2014-02-01,ZLY00,34.38,39.6,34.38,39.6,5.030000000000001,133257,339211
2014-03-01,ZLY00,40.19,43.04,39.3,39.3,-0.30000000000000426,78923,302399
2014-04-01,ZLY00,40.53,43.21,39.98,41.63,2.3300000000000054,98025,326469
2014-05-01,ZLY00,41.29,41.64,38.5,38.5,-3.1300000000000026,69054,313754
2014-06-01,ZLY00,38.31,41.35,38.31,39.23,0.7299999999999969,104755,333690
2014-07-01,ZLY00,39.25,39.25,36.68,37.11,-2.1199999999999974,84953,325336
2014-08-01,ZLY00,36.45,37.15,33.54,33.54,-3.5700000000000003,84537,347395
2014-09-01,ZLY00,33.51,35.14,33.09,34.02,0.480000000000004,84234,373279
2014-10-01,ZLY00,34.66,35.8,32.83,35.8,1.779999999999994,95644,391486
2014-11-01,ZLY00,35.03,35.03,32.7,32.81,-2.989999999999995,125592,395763
2014-12-01,ZLY00,32.85,33.16,31.8,32.22,-0.5900000000000034,96323,365237
2015-01-01,ZLY00,32.2,34.14,29.54,30,-2.219999999999999,99263,370583
2015-02-01,ZLY00,30.41,32.43,30.41,32.43,2.4299999999999997,123628,385818
2015-03-01,ZLY00,32.28,32.43,29.92,30.39,-2.039999999999999,76518,367202
2015-04-01,ZLY00,30.57,31.9,30.47,31.39,1,120342,383501
2015-05-01,ZLY00,31.32,33.58,31.32,33.58,2.1899999999999977,102126,394771
2015-06-01,ZLY00,34.76,35.03,32.63,33.56,-0.01999999999999602,147115,410232
2015-07-01,ZLY00,33.01,33.36,29.86,29.86,-3.700000000000003,107213,372932
2015-08-01,ZLY00,29.73,30.91,26.37,28.17,-1.6899999999999977,114885,390493
2015-09-01,ZLY00,27.47,27.47,25.43,26.23,-1.9400000000000013,104307,413150
2015-10-01,ZLY00,26.22,27.81,26.22,26.83,0.5999999999999979,114516,420227
2015-11-01,ZLY00,26.48,27.6,25.54,27.6,0.7700000000000031,133368,448872
2015-12-01,ZLY00,28.28,30.68,28.28,29.68,2.0799999999999983,132905,412621
2016-01-01,ZLY00,29.06,29.76,28.06,29.76,0.08000000000000185,90167,404404
2016-02-01,ZLY00,29.64,30.43,29.14,29.14,-0.620000000000001,115545,411938
2016-03-01,ZLY00,28.82,32.72,28.67,32.72,3.5799999999999983,84818,415026
2016-04-01,ZLY00,32.95,33.28,31.38,31.38,-1.3399999999999999,162251,457557
2016-05-01,ZLY00,30.69,31.94,29.52,30.45,-0.9299999999999997,117926,404142
2016-06-01,ZLY00,30.82,31.41,29.2,29.76,-0.6899999999999977,128303,389896
2016-07-01,ZLY00,29.41,29.44,27.84,28.85,-0.9100000000000001,108254,361442
2016-08-01,ZLY00,28.25,33.39,28.25,31.73,2.879999999999999,103714,378812
2016-09-01,ZLY00,31.42,33.21,30.73,32.49,0.7600000000000016,102054,399624
2016-10-01,ZLY00,32.3,35.62,32.09,34.8,2.309999999999995,113990,443698
2016-11-01,ZLY00,34.48,36.23,33.33,36.04,1.240000000000002,149749,446000
2016-12-01,ZLY00,37.02,37.43,32.92,32.92,-3.1199999999999974,123793,407110
2017-01-01,ZLY00,33.07,34.57,31.96,32.2,-0.7199999999999989,100075,391376
2017-02-01,ZLY00,32.66,33.04,30.42,31.79,-0.4100000000000037,144081,386979
2017-03-01,ZLY00,32.59,32.59,29.53,29.53,-2.259999999999998,105279,385217
2017-04-01,ZLY00,29.17,30.07,29.07,29.58,0.04999999999999716,138928,423804
2017-05-01,ZLY00,30.02,31.28,29.47,29.47,-0.10999999999999943,85562,412141
2017-06-01,ZLY00,29.38,32.18,29.14,32.18,2.710000000000001,134203,414656
2017-07-01,ZLY00,32.88,33.96,32.1,33.96,1.7800000000000011,123373,398718
2017-08-01,ZLY00,33.22,34.03,31.96,33.96,0,118328,416320
2017-09-01,ZLY00,34.67,34.67,31.2,31.2,-2.7600000000000016,122556,438439
2017-10-01,ZLY00,31.15,33.47,31.15,33.38,2.1800000000000033,96604,440831
2017-11-01,ZLY00,33.53,34.5,32.6,32.75,-0.6300000000000026,148956,469774
2017-12-01,ZLY00,32.69,32.69,31.63,32.21,-0.5399999999999991,135140,467646
2018-01-01,ZLY00,32.13,32.48,30.76,31.67,-0.5399999999999991,100960,480780
2018-02-01,ZLY00,31.5,31.64,30.02,30.58,-1.0900000000000034,184373,499421
2018-03-01,ZLY00,30.74,30.83,29.77,30.22,-0.35999999999999943,104059,496026
2018-04-01,ZLY00,30.39,30.69,28.7,28.7,-1.5199999999999996,152865,519882
2018-05-01,ZLY00,28.43,30.06,28.43,29.47,0.7699999999999996,95329,514763
2018-06-01,ZLY00,29.54,29.54,27.2,27.85,-1.6199999999999974,165797,505702
2018-07-01,ZLY00,27.63,27.87,26.52,27.61,-0.240000000000002,103582,512638
2018-08-01,ZLY00,27.33,28.12,26.98,28.12,0.5100000000000016,95778,534032
2018-09-01,ZLY00,28.41,28.74,26.75,28.56,0.4399999999999977,125017,575526
2018-10-01,ZLY00,28.89,29.72,27.72,27.85,-0.7099999999999973,100527,539881
2018-11-01,ZLY00,28.15,28.15,26.79,27.52,-0.33000000000000185,149489,556830
2018-12-01,ZLY00,28.27,28.97,27.06,27.3,-0.21999999999999886,122772,497904
2019-01-01,ZLY00,27.65,29.77,27.65,29.52,2.219999999999999,94063,492980
2019-02-01,ZLY00,29.24,30.25,29.09,29.31,-0.21000000000000085,152112,507871
2019-03-01,ZLY00,29.3,29.3,27.74,27.74,-1.5700000000000003,96335,480036
2019-04-01,ZLY00,27.95,28.58,26.65,26.71,-1.0299999999999976,143455,483650
2019-05-01,ZLY00,26.51,28.28,25.97,28.09,1.379999999999999,109343,535026
2019-06-01,ZLY00,27.84,28.99,27.57,28.64,0.5500000000000007,138132,472080
2019-07-01,ZLY00,27.73,28.1,27.19,27.38,-1.2600000000000016,101443,435428
2019-08-01,ZLY00,27.43,29.29,27.19,28.39,1.0100000000000016,120512,466176
2019-09-01,ZLY00,28.62,29.89,28.01,28.74,0.34999999999999787,126370,498071
2019-10-01,ZLY00,28.68,31.27,28.68,30.68,1.9400000000000013,119955,496430
2019-11-01,ZLY00,30.96,31.8,29.42,29.7,-0.9800000000000004,162135,536755
2019-12-01,ZLY00,29.29,35,29.29,34.32,4.620000000000001,152997,521342
2020-01-01,ZLY00,35.24,35.24,29.82,29.82,-4.5,132331,537081
2020-02-01,ZLY00,30.17,31.45,28.44,28.44,-1.379999999999999,175473,509620
2020-03-01,ZLY00,28.99,29.82,24.99,26.84,-1.6000000000000014,148118,460551
2020-04-01,ZLY00,25.88,27.31,24.29,25.45,-1.3900000000000006,140302,460731
2020-05-01,ZLY00,25.35,26.08,24.44,25.86,0.41000000000000014,88607,468485
2020-06-01,ZLY00,26.08,27.17,25.85,26.63,0.7699999999999996,126600,464880
2020-07-01,ZLY00,27.49,30.45,27.21,30.45,3.8200000000000003,113390,440128
2020-08-01,ZLY00,31.2,34.77,31.03,34.34,3.890000000000004,110298,448159
2020-09-01,ZLY00,34.14,35.73,32.86,33.76,-0.5800000000000054,132159,473386
2020-10-01,ZLY00,33.05,35.09,32.29,34.61,0.8500000000000014,121549,469070
2020-11-01,ZLY00,34.19,39.81,34.19,39.51,4.899999999999999,146348,484465
2020-12-01,ZLY00,39.03,44.33,39.03,44.33,4.82,131758,482763
2021-01-01,ZLY00,43.93,45.78,42.83,45.75,1.4200000000000017,138715,469161
2021-02-01,ZLY00,46.1,52.72,45.45,52.72,6.969999999999999,136125,490192
2021-03-01,ZLY00,52.72,60.9,52.72,54.96,2.240000000000002,134822,491038
2021-04-01,ZLY00,54.96,70.82,54.96,70.82,15.859999999999992,145542,501301
2021-05-01,ZLY00,70.82,77.69,70.82,77.69,6.8700000000000045,114143,501642
2021-06-01,ZLY00,78.39,81.08,69.61,69.61,-8.079999999999998,179511,523175
2021-07-01,ZLY00,69.61,75.04,69.61,72.91,3.299999999999997,108495,468858
2021-08-01,ZLY00,72.91,73.79,67.19,69.63,-3.280000000000001,112030,431637
2021-09-01,ZLY00,69.63,69.63,61.32,68.62,-1.009999999999991,117757,389344
2021-10-01,ZLY00,68.62,71.89,67.85,71.31,2.6899999999999977,116078,408041
2021-11-01,ZLY00,71.31,71.31,64.37,64.61,-6.700000000000003,133980,425305
2021-12-01,ZLY00,64.61,66.07,61.24,65.05,0.4399999999999977,118070,391389
2022-01-01,ZLY00,65.05,68.08,61.83,65.26,0.21000000000000796,113058,398767
2022-02-01,ZLY00,68.33,77.75,67.97,77.75,12.489999999999995,137824,419837
2022-03-01,ZLY00,77.75,78.53,74.79,77.13,-0.6200000000000045,88556,350205
2022-04-01,ZLY00,73.58,94.42,73.58,94.42,17.290000000000006,112626,372012
2022-05-01,ZLY00,94.42,94.42,83.32,83.32,-11.100000000000009,84288,370678
2022-06-01,ZLY00,83.32,85.6,73,73,-10.319999999999993,133187,385154
2022-07-01,ZLY00,68.93,71.6,66.32,71.6,-1.4000000000000057,117150,369909
2022-08-01,ZLY00,71.6,74.57,69.8,74.57,2.969999999999999,114709,395213
2022-09-01,ZLY00,74.57,74.57,68.35,68.35,-6.219999999999999,126840,400810
2022-10-01,ZLY00,68.35,75.54,68.35,75.54,7.190000000000012,115673,409532
2022-11-01,ZLY00,75.54,80.92,75.54,78.27,2.7299999999999898,143020,448350
2022-12-01,ZLY00,78.27,78.27,64.86,70.18,-8.08999999999999,153921,406557
2023-01-01,ZLY00,70.18,70.18,64.37,64.37,-5.810000000000002,115502,389192
2023-02-01,ZLY00,64.37,64.37,62.31,63.11,-1.2600000000000051,154817,449804
2023-03-01,ZLY00,63.11,63.11,55.52,57.74,-5.369999999999997,139943,455510
2023-04-01,ZLY00,57.74,57.74,53.86,53.86,-3.8800000000000026,141609,478316
2023-05-01,ZLY00,53.86,57.08,50.02,51.57,-2.289999999999999,149732,513388
2023-06-01,ZLY00,51.57,66.76,51.57,66.76,15.190000000000005,203783,513151
2023-07-01,ZLY00,66.76,74.25,66.76,72.12,5.359999999999999,153844,488643
2023-08-01,ZLY00,72.12,72.2,67.98,70.58,-1.5400000000000063,124343,477044
2023-09-01,ZLY00,69.55,69.55,59.69,59.69,-10.89,150490,455175
2023-10-01,ZLY00,59.69,59.69,54.77,54.77,-4.919999999999995,146818,442779
2023-11-01,ZLY00,54.77,54.77,52.11,54.51,-0.2600000000000051,180466,505616
2023-12-01,ZLY00,53.92,53.92,50.28,50.28,-4.229999999999997,140634,476987
2024-01-01,ZLY00,50.28,50.28,48.65,48.68,-1.6000000000000014,136512,541268
2024-02-01,ZLY00,48.68,48.76,43.77,43.77,-4.909999999999997,166171,555361
2024-03-01,ZLY00,44.89,49.17,44.89,47.14,3.3699999999999974,140744,558905
2024-04-01,ZLY00,47.2,48.14,44.38,44.74,-2.3999999999999986,196126,578802
2024-05-01,ZLY00,44.74,44.74,41.83,43.45,-1.2899999999999991,158726,547529
Downloaded from Barchart.com as of 05-27-2024 11:08am CDT